fecha;abrir;max;min;cierre;cierre_ajus;
18-09-2024;2,6169;2,6169;2,6169;2,6169;2,6169;
17-09-2024;2,6163;2,6163;2,6163;2,6163;2,6163;
13-09-2024;2,6423;2,6423;2,6423;2,6423;2,6423;
12-09-2024;2,6568;2,6568;2,6568;2,6568;2,6568;
11-09-2024;2,6502;2,6502;2,6502;2,6502;2,6502;
10-09-2024;2,5937;2,5937;2,5937;2,5937;2,5937;
09-09-2024;2,5740;2,5740;2,5740;2,5740;2,5740;
06-09-2024;2,6298;2,6298;2,6298;2,6298;2,6298;
05-09-2024;2,6251;2,6251;2,6251;2,6251;2,6251;
04-09-2024; ; ; ; ; ;
03-09-2024;2,6736;2,6736;2,6736;2,6736;2,6736;
02-09-2024;2,6615;2,6615;2,6615;2,6615;2,6615;
30-08-2024;2,6500;2,6500;2,6500;2,6500;2,6500;
29-08-2024;2,6287;2,6287;2,6287;2,6287;2,6287;
28-08-2024;2,6660;2,6660;2,6660;2,6660;2,6660;
27-08-2024;2,6177;2,6177;2,6177;2,6177;2,6177;
26-08-2024;2,5957;2,5957;2,5957;2,5957;2,5957;
23-08-2024;2,6163;2,6163;2,6163;2,6163;2,6163;
22-08-2024;2,6390;2,6390;2,6390;2,6390;2,6390;
21-08-2024;2,5793;2,5793;2,5793;2,5793;2,5793;
20-08-2024;2,5496;2,5496;2,5496;2,5496;2,5496;
19-08-2024;2,5084;2,5084;2,5084;2,5084;2,5084;
16-08-2024;2,5024;2,5024;2,5024;2,5024;2,5024;
15-08-2024;2,4666;2,4666;2,4666;2,4666;2,4666;
14-08-2024;2,4867;2,4867;2,4867;2,4867;2,4867;
13-08-2024;2,4332;2,4332;2,4332;2,4332;2,4332;
12-08-2024;2,4037;2,4037;2,4037;2,4037;2,4037;
09-08-2024;2,4065;2,4065;2,4065;2,4065;2,4065;
08-08-2024;2,3847;2,3847;2,3847;2,3847;2,3847;
07-08-2024;2,4385;2,4385;2,4385;2,4385;2,4385;
06-08-2024;2,3925;2,3925;2,3925;2,3925;2,3925;
05-08-2024;2,4427;2,4427;2,4427;2,4427;2,4427;
02-08-2024;2,4573;2,4573;2,4573;2,4573;2,4573;
01-08-2024;2,4816;2,4816;2,4816;2,4816;2,4816;
31-07-2024;2,4383;2,4383;2,4383;2,4383;2,4383;
30-07-2024;2,4453;2,4453;2,4453;2,4453;2,4453;
29-07-2024;2,4111;2,4111;2,4111;2,4111;2,4111;
26-07-2024;2,3894;2,3894;2,3894;2,3894;2,3894;
25-07-2024;2,3876;2,3876;2,3876;2,3876;2,3876;
24-07-2024;2,4537;2,4537;2,4537;2,4537;2,4537;
23-07-2024;2,4275;2,4275;2,4275;2,4275;2,4275;
22-07-2024;2,4052;2,4052;2,4052;2,4052;2,4052;
19-07-2024;2,4087;2,4087;2,4087;2,4087;2,4087;
18-07-2024;2,3916;2,3916;2,3916;2,3916;2,3916;
17-07-2024;2,4376;2,4376;2,4376;2,4376;2,4376;
16-07-2024;2,4421;2,4421;2,4421;2,4421;2,4421;
15-07-2024;2,4256;2,4256;2,4256;2,4256;2,4256;
12-07-2024;2,4372;2,4372;2,4372;2,4372;2,4372;
11-07-2024;2,4893;2,4893;2,4893;2,4893;2,4893;
10-07-2024;2,4843;2,4843;2,4843;2,4843;2,4843;
09-07-2024;2,4963;2,4963;2,4963;2,4963;2,4963;
08-07-2024;2,5153;2,5153;2,5153;2,5153;2,5153;
05-07-2024;2,4891;2,4891;2,4891;2,4891;2,4891;
04-07-2024;2,5029;2,5029;2,5029;2,5029;2,5029;
03-07-2024;2,4915;2,4915;2,4915;2,4915;2,4915;
02-07-2024;2,4815;2,4815;2,4815;2,4815;2,4815;
01-07-2024;2,4535;2,4535;2,4535;2,4535;2,4535;
28-06-2024;2,4904;2,4904;2,4904;2,4904;2,4904;
27-06-2024;2,4776;2,4776;2,4776;2,4776;2,4776;
26-06-2024;2,4331;2,4331;2,4331;2,4331;2,4331;
25-06-2024;2,3841;2,3841;2,3841;2,3841;2,3841;
24-06-2024;2,4267;2,4267;2,4267;2,4267;2,4267;
21-06-2024;2,4607;2,4607;2,4607;2,4607;2,4607;
20-06-2024;2,4789;2,4789;2,4789;2,4789;2,4789;
19-06-2024;2,4734;2,4734;2,4734;2,4734;2,4734;
18-06-2024;2,4879;2,4879;2,4879;2,4879;2,4879;
17-06-2024;2,4567;2,4567;2,4567;2,4567;2,4567;
14-06-2024;2,4549;2,4549;2,4549;2,4549;2,4549;
13-06-2024;2,4920;2,4920;2,4920;2,4920;2,4920;
12-06-2024;2,4251;2,4251;2,4251;2,4251;2,4251;
11-06-2024;2,4081;2,4081;2,4081;2,4081;2,4081;
10-06-2024;2,4132;2,4132;2,4132;2,4132;2,4132;
07-06-2024;2,3573;2,3573;2,3573;2,3573;2,3573;
06-06-2024;2,3000;2,3000;2,3000;2,3000;2,3000;
05-06-2024;2,3067;2,3067;2,3067;2,3067;2,3067;
04-06-2024;2,2729;2,2729;2,2729;2,2729;2,2729;
03-06-2024;2,1548;2,1548;2,1548;2,1548;2,1548;
31-05-2024;2,1475;2,1475;2,1475;2,1475;2,1475;
30-05-2024;2,1784;2,1784;2,1784;2,1784;2,1784;
29-05-2024;2,1707;2,1707;2,1707;2,1707;2,1707;
28-05-2024;2,1446;2,1446;2,1446;2,1446;2,1446;
27-05-2024;2,1493;2,1493;2,1493;2,1493;2,1493;
24-05-2024;2,1380;2,1380;2,1380;2,1380;2,1380;
23-05-2024;2,1438;2,1438;2,1438;2,1438;2,1438;
22-05-2024;2,1467;2,1467;2,1467;2,1467;2,1467;
21-05-2024;2,1307;2,1307;2,1307;2,1307;2,1307;
20-05-2024;2,1290;2,1290;2,1290;2,1290;2,1290;
17-05-2024;2,1316;2,1316;2,1316;2,1316;2,1316;
16-05-2024;2,1330;2,1330;2,1330;2,1330;2,1330;
15-05-2024;2,1354;2,1354;2,1354;2,1354;2,1354;
14-05-2024;2,1185;2,1185;2,1185;2,1185;2,1185;
13-05-2024;2,1123;2,1123;2,1123;2,1123;2,1123;
10-05-2024;2,1157;2,1157;2,1157;2,1157;2,1157;
09-05-2024;2,1238;2,1238;2,1238;2,1238;2,1238;
08-05-2024;2,1326;2,1326;2,1326;2,1326;2,1326;
07-05-2024;2,1397;2,1397;2,1397;2,1397;2,1397;
06-05-2024;2,1194;2,1194;2,1194;2,1194;2,1194;
03-05-2024;2,1004;2,1004;2,1004;2,1004;2,1004;
02-05-2024;2,0896;2,0896;2,0896;2,0896;2,0896;
30-04-2024;2,1172;2,1172;2,1172;2,1172;2,1172;
29-04-2024;2,1178;2,1178;2,1178;2,1178;2,1178;
26-04-2024;2,0930;2,0930;2,0930;2,0930;2,0930;
25-04-2024;2,0935;2,0935;2,0935;2,0935;2,0935;
24-04-2024;2,0840;2,0840;2,0840;2,0840;2,0840;
23-04-2024;2,0724;2,0724;2,0724;2,0724;2,0724;
22-04-2024;2,0541;2,0541;2,0541;2,0541;2,0541;
19-04-2024;2,0895;2,0895;2,0895;2,0895;2,0895;
18-04-2024;2,0922;2,0922;2,0922;2,0922;2,0922;
17-04-2024;2,1184;2,1184;2,1184;2,1184;2,1184;
16-04-2024;2,0777;2,0777;2,0777;2,0777;2,0777;
15-04-2024;2,1100;2,1100;2,1100;2,1100;2,1100;
12-04-2024;2,1167;2,1167;2,1167;2,1167;2,1167;
11-04-2024;2,0977;2,0977;2,0977;2,0977;2,0977;
10-04-2024;2,1104;2,1104;2,1104;2,1104;2,1104;
09-04-2024;2,1007;2,1007;2,1007;2,1007;2,1007;
08-04-2024;2,1154;2,1154;2,1154;2,1154;2,1154;
05-04-2024;2,1093;2,1093;2,1093;2,1093;2,1093;
04-04-2024;2,1281;2,1281;2,1281;2,1281;2,1281;
03-04-2024;2,1289;2,1289;2,1289;2,1289;2,1289;
02-04-2024;2,1555;2,1555;2,1555;2,1555;2,1555;
01-04-2024;2,1494;2,1494;2,1494;2,1494;2,1494;
27-03-2024;2,1635;2,1635;2,1635;2,1635;2,1635;
26-03-2024;2,1713;2,1713;2,1713;2,1713;2,1713;
25-03-2024;2,1854;2,1854;2,1854;2,1854;2,1854;
22-03-2024;2,1817;2,1817;2,1817;2,1817;2,1817;
21-03-2024;2,1722;2,1722;2,1722;2,1722;2,1722;
20-03-2024;2,1642;2,1642;2,1642;2,1642;2,1642;
19-03-2024;2,1226;2,1226;2,1226;2,1226;2,1226;
15-03-2024;2,1380;2,1380;2,1380;2,1380;2,1380;
14-03-2024;2,1455;2,1455;2,1455;2,1455;2,1455;
13-03-2024;2,1692;2,1692;2,1692;2,1692;2,1692;
12-03-2024;2,1314;2,1314;2,1314;2,1314;2,1314;
11-03-2024;2,1406;2,1406;2,1406;2,1406;2,1406;
08-03-2024;2,1665;2,1665;2,1665;2,1665;2,1665;
07-03-2024;2,1352;2,1352;2,1352;2,1352;2,1352;
06-03-2024;2,1322;2,1322;2,1322;2,1322;2,1322;
05-03-2024;2,1685;2,1685;2,1685;2,1685;2,1685;
04-03-2024;2,1876;2,1876;2,1876;2,1876;2,1876;
01-03-2024;2,1666;2,1666;2,1666;2,1666;2,1666;
29-02-2024;2,1592;2,1592;2,1592;2,1592;2,1592;
28-02-2024;2,1558;2,1558;2,1558;2,1558;2,1558;
27-02-2024;2,1539;2,1539;2,1539;2,1539;2,1539;
26-02-2024;2,1583;2,1583;2,1583;2,1583;2,1583;
23-02-2024;2,1548;2,1548;2,1548;2,1548;2,1548;
22-02-2024;2,0865;2,0865;2,0865;2,0865;2,0865;
21-02-2024;2,0973;2,0973;2,0973;2,0973;2,0973;
20-02-2024;2,1197;2,1197;2,1197;2,1197;2,1197;
19-02-2024;2,1204;2,1204;2,1204;2,1204;2,1204;
16-02-2024;2,1403;2,1403;2,1403;2,1403;2,1403;
15-02-2024;2,1346;2,1346;2,1346;2,1346;2,1346;
14-02-2024;2,1162;2,1162;2,1162;2,1162;2,1162;
13-02-2024;2,1350;2,1350;2,1350;2,1350;2,1350;
12-02-2024;2,1451;2,1451;2,1451;2,1451;2,1451;
09-02-2024;2,1356;2,1356;2,1356;2,1356;2,1356;
08-02-2024;2,1198;2,1198;2,1198;2,1198;2,1198;
07-02-2024;2,0912;2,0912;2,0912;2,0912;2,0912;
06-02-2024;2,1075;2,1075;2,1075;2,1075;2,1075;
02-02-2024;2,0488;2,0488;2,0488;2,0488;2,0488;
01-02-2024;2,0337;2,0337;2,0337;2,0337;2,0337;
31-01-2024;2,0699;2,0699;2,0699;2,0699;2,0699;
30-01-2024;2,0850;2,0850;2,0850;2,0850;2,0850;
29-01-2024;2,0474;2,0474;2,0474;2,0474;2,0474;
26-01-2024;2,0522;2,0522;2,0522;2,0522;2,0522;
25-01-2024;2,0574;2,0574;2,0574;2,0574;2,0574;
24-01-2024;2,0523;2,0523;2,0523;2,0523;2,0523;
23-01-2024;2,0313;2,0313;2,0313;2,0313;2,0313;
22-01-2024;2,0207;2,0207;2,0207;2,0207;2,0207;
19-01-2024;2,0034;2,0034;2,0034;2,0034;2,0034;
18-01-2024;1,9850;1,9850;1,9850;1,9850;1,9850;
17-01-2024;1,9908;1,9908;1,9908;1,9908;1,9908;
16-01-2024;1,9670;1,9670;1,9670;1,9670;1,9670;
15-01-2024;1,9641;1,9641;1,9641;1,9641;1,9641;
12-01-2024;1,9701;1,9701;1,9701;1,9701;1,9701;
11-01-2024;1,9746;1,9746;1,9746;1,9746;1,9746;
10-01-2024;1,9494;1,9494;1,9494;1,9494;1,9494;
09-01-2024;1,9310;1,9310;1,9310;1,9310;1,9310;
08-01-2024;1,9121;1,9121;1,9121;1,9121;1,9121;
05-01-2024;1,9233;1,9233;1,9233;1,9233;1,9233;
04-01-2024;1,9221;1,9221;1,9221;1,9221;1,9221;
03-01-2024;1,9424;1,9424;1,9424;1,9424;1,9424;
02-01-2024;1,9641;1,9641;1,9641;1,9641;1,9641;
29-12-2023;1,9725;1,9725;1,9725;1,9725;1,9725;
28-12-2023;1,9706;1,9706;1,9706;1,9706;1,9706;
27-12-2023;1,9682;1,9682;1,9682;1,9682;1,9682;
26-12-2023;1,9643;1,9643;1,9643;1,9643;1,9643;
22-12-2023;1,9710;1,9710;1,9710;1,9710;1,9710;
21-12-2023;1,9501;1,9501;1,9501;1,9501;1,9501;
20-12-2023;1,9726;1,9726;1,9726;1,9726;1,9726;
19-12-2023;1,9685;1,9685;1,9685;1,9685;1,9685;
18-12-2023;1,9579;1,9579;1,9579;1,9579;1,9579;
15-12-2023;1,9456;1,9456;1,9456;1,9456;1,9456;
14-12-2023;1,9441;1,9441;1,9441;1,9441;1,9441;
13-12-2023;1,9305;1,9305;1,9305;1,9305;1,9305;
11-12-2023;1,9263;1,9263;1,9263;1,9263;1,9263;
08-12-2023;1,9308;1,9308;1,9308;1,9308;1,9308;
07-12-2023;1,8869;1,8869;1,8869;1,8869;1,8869;
06-12-2023;1,9069;1,9069;1,9069;1,9069;1,9069;
05-12-2023;1,9170;1,9170;1,9170;1,9170;1,9170;
04-12-2023;1,9053;1,9053;1,9053;1,9053;1,9053;
01-12-2023;1,9207;1,9207;1,9207;1,9207;1,9207;
30-11-2023;1,9029;1,9029;1,9029;1,9029;1,9029;
29-11-2023;1,8904;1,8904;1,8904;1,8904;1,8904;
28-11-2023;1,8839;1,8839;1,8839;1,8839;1,8839;
27-11-2023;1,8839;1,8839;1,8839;1,8839;1,8839;
24-11-2023;1,8940;1,8940;1,8940;1,8940;1,8940;
23-11-2023;1,8940;1,8940;1,8940;1,8940;1,8940;
22-11-2023;1,8951;1,8951;1,8951;1,8951;1,8951;
21-11-2023;1,8821;1,8821;1,8821;1,8821;1,8821;
17-11-2023;1,8811;1,8811;1,8811;1,8811;1,8811;
16-11-2023;1,8856;1,8856;1,8856;1,8856;1,8856;
15-11-2023;1,8893;1,8893;1,8893;1,8893;1,8893;
14-11-2023;1,8789;1,8789;1,8789;1,8789;1,8789;
13-11-2023;1,8779;1,8779;1,8779;1,8779;1,8779;
10-11-2023;1,8668;1,8668;1,8668;1,8668;1,8668;
09-11-2023;1,8530;1,8530;1,8530;1,8530;1,8530;
08-11-2023;1,8395;1,8395;1,8395;1,8395;1,8395;
07-11-2023;1,8354;1,8354;1,8354;1,8354;1,8354;
06-11-2023;1,8213;1,8213;1,8213;1,8213;1,8213;
03-11-2023;1,7902;1,7902;1,7902;1,7902;1,7902;
01-11-2023;1,7824;1,7824;1,7824;1,7824;1,7824;
31-10-2023;1,7769;1,7769;1,7769;1,7769;1,7769;
30-10-2023;1,7604;1,7604;1,7604;1,7604;1,7604;
27-10-2023;1,7615;1,7615;1,7615;1,7615;1,7615;
26-10-2023;1,8083;1,8083;1,8083;1,8083;1,8083;
25-10-2023;1,8480;1,8480;1,8480;1,8480;1,8480;
24-10-2023;1,8266;1,8266;1,8266;1,8266;1,8266;
23-10-2023;1,8217;1,8217;1,8217;1,8217;1,8217;
20-10-2023;1,8571;1,8571;1,8571;1,8571;1,8571;
19-10-2023;1,8642;1,8642;1,8642;1,8642;1,8642;
18-10-2023;1,8762;1,8762;1,8762;1,8762;1,8762;
17-10-2023;1,8654;1,8654;1,8654;1,8654;1,8654;
16-10-2023;1,8598;1,8598;1,8598;1,8598;1,8598;
13-10-2023;1,8759;1,8759;1,8759;1,8759;1,8759;
12-10-2023;1,8782;1,8782;1,8782;1,8782;1,8782;
11-10-2023;1,8769;1,8769;1,8769;1,8769;1,8769;
10-10-2023;1,8885;1,8885;1,8885;1,8885;1,8885;
09-10-2023;1,8863;1,8863;1,8863;1,8863;1,8863;
06-10-2023;1,8638;1,8638;1,8638;1,8638;1,8638;
05-10-2023;1,8376;1,8376;1,8376;1,8376;1,8376;
04-10-2023;1,8092;1,8092;1,8092;1,8092;1,8092;
03-10-2023;1,8137;1,8137;1,8137;1,8137;1,8137;
02-10-2023;1,7767;1,7767;1,7767;1,7767;1,7767;
29-09-2023;1,7882;1,7882;1,7882;1,7882;1,7882;
28-09-2023;1,7897;1,7897;1,7897;1,7897;1,7897;
27-09-2023;1,7754;1,7754;1,7754;1,7754;1,7754;
26-09-2023;1,7880;1,7880;1,7880;1,7880;1,7880;
25-09-2023;1,7557;1,7557;1,7557;1,7557;1,7557;
22-09-2023;1,7672;1,7672;1,7672;1,7672;1,7672;
21-09-2023;1,7888;1,7888;1,7888;1,7888;1,7888;
20-09-2023;1,8126;1,8126;1,8126;1,8126;1,8126;
19-09-2023;1,8241;1,8241;1,8241;1,8241;1,8241;
18-09-2023;1,8262;1,8262;1,8262;1,8262;1,8262;
15-09-2023;1,8560;1,8560;1,8560;1,8560;1,8560;
14-09-2023;1,8493;1,8493;1,8493;1,8493;1,8493;
13-09-2023;1,8530;1,8530;1,8530;1,8530;1,8530;
12-09-2023;1,8898;1,8898;1,8898;1,8898;1,8898;
11-09-2023;1,8978;1,8978;1,8978;1,8978;1,8978;
08-09-2023;1,9017;1,9017;1,9017;1,9017;1,9017;
07-09-2023;1,9055;1,9055;1,9055;1,9055;1,9055;
06-09-2023;1,9037;1,9037;1,9037;1,9037;1,9037;
05-09-2023;1,8728;1,8728;1,8728;1,8728;1,8728;
04-09-2023;1,8647;1,8647;1,8647;1,8647;1,8647;
01-09-2023;1,8660;1,8660;1,8660;1,8660;1,8660;
31-08-2023;1,8335;1,8335;1,8335;1,8335;1,8335;
30-08-2023;1,8298;1,8298;1,8298;1,8298;1,8298;
29-08-2023;1,7902;1,7902;1,7902;1,7902;1,7902;
28-08-2023;1,7748;1,7748;1,7748;1,7748;1,7748;
25-08-2023;1,7662;1,7662;1,7662;1,7662;1,7662;
24-08-2023;1,7992;1,7992;1,7992;1,7992;1,7992;
23-08-2023;1,7851;1,7851;1,7851;1,7851;1,7851;
22-08-2023;1,7995;1,7995;1,7995;1,7995;1,7995;
21-08-2023;1,7714;1,7714;1,7714;1,7714;1,7714;
18-08-2023;1,7832;1,7832;1,7832;1,7832;1,7832;
17-08-2023;1,8063;1,8063;1,8063;1,8063;1,8063;
16-08-2023;1,8278;1,8278;1,8278;1,8278;1,8278;
15-08-2023;1,8386;1,8386;1,8386;1,8386;1,8386;
14-08-2023;1,8143;1,8143;1,8143;1,8143;1,8143;
11-08-2023;1,8334;1,8334;1,8334;1,8334;1,8334;
10-08-2023;1,8267;1,8267;1,8267;1,8267;1,8267;
09-08-2023;1,8551;1,8551;1,8551;1,8551;1,8551;
08-08-2023;1,8613;1,8613;1,8613;1,8613;1,8613;
07-08-2023;1,8409;1,8409;1,8409;1,8409;1,8409;
04-08-2023;1,8673;1,8673;1,8673;1,8673;1,8673;
03-08-2023;1,8475;1,8475;1,8475;1,8475;1,8475;
02-08-2023;1,8703;1,8703;1,8703;1,8703;1,8703;
01-08-2023;1,8645;1,8645;1,8645;1,8645;1,8645;
31-07-2023;1,8502;1,8502;1,8502;1,8502;1,8502;
28-07-2023;1,8394;1,8394;1,8394;1,8394;1,8394;
27-07-2023;1,8396;1,8396;1,8396;1,8396;1,8396;
26-07-2023;1,8427;1,8427;1,8427;1,8427;1,8427;
25-07-2023;1,8284;1,8284;1,8284;1,8284;1,8284;
24-07-2023;1,8402;1,8402;1,8402;1,8402;1,8402;
21-07-2023;1,8362;1,8362;1,8362;1,8362;1,8362;
20-07-2023;1,8632;1,8632;1,8632;1,8632;1,8632;
19-07-2023;1,8640;1,8640;1,8640;1,8640;1,8640;
18-07-2023;1,8502;1,8502;1,8502;1,8502;1,8502;
17-07-2023;1,8418;1,8418;1,8418;1,8418;1,8418;
14-07-2023;1,8571;1,8571;1,8571;1,8571;1,8571;
13-07-2023;1,8292;1,8292;1,8292;1,8292;1,8292;
12-07-2023;1,8199;1,8199;1,8199;1,8199;1,8199;
11-07-2023;1,8058;1,8058;1,8058;1,8058;1,8058;
10-07-2023;1,8104;1,8104;1,8104;1,8104;1,8104;
07-07-2023;1,8243;1,8243;1,8243;1,8243;1,8243;
06-07-2023;1,8228;1,8228;1,8228;1,8228;1,8228;
05-07-2023;1,8194;1,8194;1,8194;1,8194;1,8194;
04-07-2023;1,8190;1,8190;1,8190;1,8190;1,8190;
03-07-2023;1,8220;1,8220;1,8220;1,8220;1,8220;
30-06-2023;1,7988;1,7988;1,7988;1,7988;1,7988;
29-06-2023;1,7949;1,7949;1,7949;1,7949;1,7949;
28-06-2023;1,7923;1,7923;1,7923;1,7923;1,7923;
27-06-2023;1,7776;1,7776;1,7776;1,7776;1,7776;
26-06-2023;1,8142;1,8142;1,8142;1,8142;1,8142;
23-06-2023;1,8299;1,8299;1,8299;1,8299;1,8299;
22-06-2023;1,8160;1,8160;1,8160;1,8160;1,8160;
21-06-2023;1,8483;1,8483;1,8483;1,8483;1,8483;
20-06-2023;1,8354;1,8354;1,8354;1,8354;1,8354;
19-06-2023;1,8333;1,8333;1,8333;1,8333;1,8333;
16-06-2023;1,8489;1,8489;1,8489;1,8489;1,8489;
15-06-2023;1,8231;1,8231;1,8231;1,8231;1,8231;
14-06-2023;1,8184;1,8184;1,8184;1,8184;1,8184;
13-06-2023;1,8104;1,8104;1,8104;1,8104;1,8104;
12-06-2023;1,7803;1,7803;1,7803;1,7803;1,7803;
09-06-2023;1,7832;1,7832;1,7832;1,7832;1,7832;
08-06-2023;1,7583;1,7583;1,7583;1,7583;1,7583;
07-06-2023;1,7922;1,7922;1,7922;1,7922;1,7922;
06-06-2023;1,7955;1,7955;1,7955;1,7955;1,7955;
05-06-2023;1,8016;1,8016;1,8016;1,8016;1,8016;
02-06-2023;1,7862;1,7862;1,7862;1,7862;1,7862;
01-06-2023;1,7735;1,7735;1,7735;1,7735;1,7735;
31-05-2023;1,7764;1,7764;1,7764;1,7764;1,7764;
30-05-2023;1,7610;1,7610;1,7610;1,7610;1,7610;
29-05-2023;1,7646;1,7646;1,7646;1,7646;1,7646;
26-05-2023;1,7532;1,7532;1,7532;1,7532;1,7532;
25-05-2023;1,7128;1,7128;1,7128;1,7128;1,7128;
24-05-2023;1,7316;1,7316;1,7316;1,7316;1,7316;
23-05-2023;1,7572;1,7572;1,7572;1,7572;1,7572;
22-05-2023;1,7371;1,7371;1,7371;1,7371;1,7371;
19-05-2023;1,7399;1,7399;1,7399;1,7399;1,7399;
18-05-2023;1,6990;1,6990;1,6990;1,6990;1,6990;
17-05-2023;1,6665;1,6665;1,6665;1,6665;1,6665;
16-05-2023;1,6636;1,6636;1,6636;1,6636;1,6636;
15-05-2023;1,6696;1,6696;1,6696;1,6696;1,6696;
12-05-2023;1,6779;1,6779;1,6779;1,6779;1,6779;
11-05-2023;1,6727;1,6727;1,6727;1,6727;1,6727;
10-05-2023;1,6797;1,6797;1,6797;1,6797;1,6797;
09-05-2023;1,6895;1,6895;1,6895;1,6895;1,6895;
08-05-2023;1,6828;1,6828;1,6828;1,6828;1,6828;
05-05-2023;1,6641;1,6641;1,6641;1,6641;1,6641;
04-05-2023;1,6723;1,6723;1,6723;1,6723;1,6723;
03-05-2023;1,6836;1,6836;1,6836;1,6836;1,6836;
02-05-2023;1,7019;1,7019;1,7019;1,7019;1,7019;
28-04-2023;1,6937;1,6937;1,6937;1,6937;1,6937;
27-04-2023;1,6573;1,6573;1,6573;1,6573;1,6573;
26-04-2023;1,6502;1,6502;1,6502;1,6502;1,6502;
25-04-2023;1,6713;1,6713;1,6713;1,6713;1,6713;
24-04-2023;1,6744;1,6744;1,6744;1,6744;1,6744;
21-04-2023;1,6688;1,6688;1,6688;1,6688;1,6688;
20-04-2023;1,6884;1,6884;1,6884;1,6884;1,6884;
19-04-2023;1,6918;1,6918;1,6918;1,6918;1,6918;
18-04-2023;1,6897;1,6897;1,6897;1,6897;1,6897;
17-04-2023;1,6869;1,6869;1,6869;1,6869;1,6869;
14-04-2023;1,6908;1,6908;1,6908;1,6908;1,6908;
13-04-2023;1,6666;1,6666;1,6666;1,6666;1,6666;
12-04-2023;1,6873;1,6873;1,6873;1,6873;1,6873;
11-04-2023;1,6906;1,6906;1,6906;1,6906;1,6906;
10-04-2023;1,6947;1,6947;1,6947;1,6947;1,6947;
05-04-2023;1,6953;1,6953;1,6953;1,6953;1,6953;
04-04-2023;1,6947;1,6947;1,6947;1,6947;1,6947;
03-04-2023;1,6949;1,6949;1,6949;1,6949;1,6949;
31-03-2023;1,6702;1,6702;1,6702;1,6702;1,6702;
30-03-2023;1,6571;1,6571;1,6571;1,6571;1,6571;
29-03-2023;1,6413;1,6413;1,6413;1,6413;1,6413;
28-03-2023;1,6562;1,6562;1,6562;1,6562;1,6562;
27-03-2023;1,6658;1,6658;1,6658;1,6658;1,6658;
24-03-2023;1,6760;1,6760;1,6760;1,6760;1,6760;
23-03-2023;1,6523;1,6523;1,6523;1,6523;1,6523;
22-03-2023;1,6835;1,6835;1,6835;1,6835;1,6835;
21-03-2023;1,6715;1,6715;1,6715;1,6715;1,6715;
17-03-2023;1,6672;1,6672;1,6672;1,6672;1,6672;
16-03-2023;1,6511;1,6511;1,6511;1,6511;1,6511;
15-03-2023;1,6212;1,6212;1,6212;1,6212;1,6212;
14-03-2023;1,6148;1,6148;1,6148;1,6148;1,6148;
13-03-2023;1,5632;1,5632;1,5632;1,5632;1,5632;
10-03-2023;1,5533;1,5533;1,5533;1,5533;1,5533;
09-03-2023;1,5752;1,5752;1,5752;1,5752;1,5752;
08-03-2023;1,5879;1,5879;1,5879;1,5879;1,5879;
07-03-2023;1,5998;1,5998;1,5998;1,5998;1,5998;
06-03-2023;1,5995;1,5995;1,5995;1,5995;1,5995;
03-03-2023;1,5796;1,5796;1,5796;1,5796;1,5796;
02-03-2023;1,5618;1,5618;1,5618;1,5618;1,5618;
01-03-2023;1,5870;1,5870;1,5870;1,5870;1,5870;
28-02-2023;1,5919;1,5919;1,5919;1,5919;1,5919;
27-02-2023;1,5832;1,5832;1,5832;1,5832;1,5832;
24-02-2023;1,6157;1,6157;1,6157;1,6157;1,6157;
23-02-2023;1,5969;1,5969;1,5969;1,5969;1,5969;
22-02-2023;1,6012;1,6012;1,6012;1,6012;1,6012;
21-02-2023;1,6333;1,6333;1,6333;1,6333;1,6333;
20-02-2023;1,6303;1,6303;1,6303;1,6303;1,6303;
17-02-2023;1,6508;1,6508;1,6508;1,6508;1,6508;
16-02-2023;1,7009;1,7009;1,7009;1,7009;1,7009;
15-02-2023;1,6871;1,6871;1,6871;1,6871;1,6871;
14-02-2023;1,6824;1,6824;1,6824;1,6824;1,6824;
13-02-2023;1,6639;1,6639;1,6639;1,6639;1,6639;
10-02-2023;1,6933;1,6933;1,6933;1,6933;1,6933;
09-02-2023;1,7198;1,7198;1,7198;1,7198;1,7198;
08-02-2023;1,7431;1,7431;1,7431;1,7431;1,7431;
07-02-2023;1,7281;1,7281;1,7281;1,7281;1,7281;
03-02-2023;1,7295;1,7295;1,7295;1,7295;1,7295;
02-02-2023;1,6815;1,6815;1,6815;1,6815;1,6815;
01-02-2023;1,6676;1,6676;1,6676;1,6676;1,6676;
31-01-2023;1,6367;1,6367;1,6367;1,6367;1,6367;
30-01-2023;1,6689;1,6689;1,6689;1,6689;1,6689;
27-01-2023;1,6543;1,6543;1,6543;1,6543;1,6543;
26-01-2023;1,6273;1,6273;1,6273;1,6273;1,6273;
25-01-2023;1,6274;1,6274;1,6274;1,6274;1,6274;
24-01-2023;1,6288;1,6288;1,6288;1,6288;1,6288;
23-01-2023;1,5983;1,5983;1,5983;1,5983;1,5983;
20-01-2023;1,5636;1,5636;1,5636;1,5636;1,5636;
19-01-2023;1,5645;1,5645;1,5645;1,5645;1,5645;
18-01-2023;1,5691;1,5691;1,5691;1,5691;1,5691;
17-01-2023;1,5716;1,5716;1,5716;1,5716;1,5716;
16-01-2023;1,5697;1,5697;1,5697;1,5697;1,5697;
13-01-2023;1,5631;1,5631;1,5631;1,5631;1,5631;
12-01-2023;1,5592;1,5592;1,5592;1,5592;1,5592;
11-01-2023;1,5491;1,5491;1,5491;1,5491;1,5491;
10-01-2023;1,5413;1,5413;1,5413;1,5413;1,5413;
09-01-2023;1,5398;1,5398;1,5398;1,5398;1,5398;
06-01-2023;1,5174;1,5174;1,5174;1,5174;1,5174;
05-01-2023;1,5439;1,5439;1,5439;1,5439;1,5439;
04-01-2023;1,5162;1,5162;1,5162;1,5162;1,5162;
03-01-2023;1,5143;1,5143;1,5143;1,5143;1,5143;
02-01-2023;1,5171;1,5171;1,5171;1,5171;1,5171;
30-12-2022;1,5119;1,5119;1,5119;1,5119;1,5119;
29-12-2022;1,4762;1,4762;1,4762;1,4762;1,4762;
28-12-2022;1,4941;1,4941;1,4941;1,4941;1,4941;
27-12-2022;1,5040;1,5040;1,5040;1,5040;1,5040;
26-12-2022;1,5045;1,5045;1,5045;1,5045;1,5045;
23-12-2022;1,5201;1,5201;1,5201;1,5201;1,5201;
22-12-2022;1,5556;1,5556;1,5556;1,5556;1,5556;
21-12-2022;1,5455;1,5455;1,5455;1,5455;1,5455;
20-12-2022;1,5447;1,5447;1,5447;1,5447;1,5447;
19-12-2022;1,5708;1,5708;1,5708;1,5708;1,5708;
16-12-2022;1,5749;1,5749;1,5749;1,5749;1,5749;
15-12-2022;1,6222;1,6222;1,6222;1,6222;1,6222;
14-12-2022;1,6152;1,6152;1,6152;1,6152;1,6152;
13-12-2022;1,5983;1,5983;1,5983;1,5983;1,5983;
09-12-2022;1,5928;1,5928;1,5928;1,5928;1,5928;
08-12-2022;1,5770;1,5770;1,5770;1,5770;1,5770;
07-12-2022;1,5929;1,5929;1,5929;1,5929;1,5929;
06-12-2022;1,6232;1,6232;1,6232;1,6232;1,6232;
05-12-2022;1,6302;1,6302;1,6302;1,6302;1,6302;
02-12-2022;1,6077;1,6077;1,6077;1,6077;1,6077;
01-12-2022;1,6120;1,6120;1,6120;1,6120;1,6120;
30-11-2022;1,5364;1,5364;1,5364;1,5364;1,5364;
29-11-2022;1,5496;1,5496;1,5496;1,5496;1,5496;
28-11-2022;1,5696;1,5696;1,5696;1,5696;1,5696;
25-11-2022;1,5786;1,5786;1,5786;1,5786;1,5786;
24-11-2022;1,5763;1,5763;1,5763;1,5763;1,5763;
23-11-2022;1,5667;1,5667;1,5667;1,5667;1,5667;
22-11-2022;1,5606;1,5606;1,5606;1,5606;1,5606;
18-11-2022;1,5642;1,5642;1,5642;1,5642;1,5642;
17-11-2022;1,5695;1,5695;1,5695;1,5695;1,5695;
16-11-2022;1,5936;1,5936;1,5936;1,5936;1,5936;
15-11-2022;1,5671;1,5671;1,5671;1,5671;1,5671;
14-11-2022;1,5894;1,5894;1,5894;1,5894;1,5894;
11-11-2022;1,5567;1,5567;1,5567;1,5567;1,5567;
10-11-2022;1,4753;1,4753;1,4753;1,4753;1,4753;
09-11-2022;1,5024;1,5024;1,5024;1,5024;1,5024;
08-11-2022;1,4836;1,4836;1,4836;1,4836;1,4836;
07-11-2022;1,4733;1,4733;1,4733;1,4733;1,4733;
04-11-2022;1,4611;1,4611;1,4611;1,4611;1,4611;
03-11-2022;1,5239;1,5239;1,5239;1,5239;1,5239;
01-11-2022;1,5425;1,5425;1,5425;1,5425;1,5425;
31-10-2022;1,5567;1,5567;1,5567;1,5567;1,5567;
28-10-2022;1,5319;1,5319;1,5319;1,5319;1,5319;
27-10-2022;1,5613;1,5613;1,5613;1,5613;1,5613;
26-10-2022;1,5786;1,5786;1,5786;1,5786;1,5786;
25-10-2022;1,5431;1,5431;1,5431;1,5431;1,5431;
24-10-2022;1,5388;1,5388;1,5388;1,5388;1,5388;
21-10-2022;1,5139;1,5139;1,5139;1,5139;1,5139;
20-10-2022;1,5204;1,5204;1,5204;1,5204;1,5204;
19-10-2022;1,5219;1,5219;1,5219;1,5219;1,5219;
18-10-2022;1,5078;1,5078;1,5078;1,5078;1,5078;
17-10-2022;1,4604;1,4604;1,4604;1,4604;1,4604;
14-10-2022;1,4898;1,4898;1,4898;1,4898;1,4898;
13-10-2022;1,4630;1,4630;1,4630;1,4630;1,4630;
12-10-2022;1,4698;1,4698;1,4698;1,4698;1,4698;
11-10-2022;1,4812;1,4812;1,4812;1,4812;1,4812;
10-10-2022;1,4987;1,4987;1,4987;1,4987;1,4987;
07-10-2022;1,5572;1,5572;1,5572;1,5572;1,5572;
06-10-2022;1,5598;1,5598;1,5598;1,5598;1,5598;
05-10-2022;1,5529;1,5529;1,5529;1,5529;1,5529;
04-10-2022;1,5047;1,5047;1,5047;1,5047;1,5047;
03-10-2022;1,4794;1,4794;1,4794;1,4794;1,4794;
30-09-2022;1,5065;1,5065;1,5065;1,5065;1,5065;
29-09-2022;1,5351;1,5351;1,5351;1,5351;1,5351;
28-09-2022;1,5081;1,5081;1,5081;1,5081;1,5081;
27-09-2022;1,5101;1,5101;1,5101;1,5101;1,5101;
26-09-2022;1,5144;1,5144;1,5144;1,5144;1,5144;
23-09-2022;1,5180;1,5180;1,5180;1,5180;1,5180;
22-09-2022;1,5361;1,5361;1,5361;1,5361;1,5361;
21-09-2022;1,5716;1,5716;1,5716;1,5716;1,5716;
20-09-2022;1,5893;1,5893;1,5893;1,5893;1,5893;
19-09-2022;1,6095;1,6095;1,6095;1,6095;1,6095;
15-09-2022;1,6163;1,6163;1,6163;1,6163;1,6163;
14-09-2022;1,6192;1,6192;1,6192;1,6192;1,6192;
13-09-2022;1,6840;1,6840;1,6840;1,6840;1,6840;
12-09-2022;1,6705;1,6705;1,6705;1,6705;1,6705;
09-09-2022;1,6431;1,6431;1,6431;1,6431;1,6431;
08-09-2022;1,6273;1,6273;1,6273;1,6273;1,6273;
07-09-2022;1,6028;1,6028;1,6028;1,6028;1,6028;
06-09-2022;1,5988;1,5988;1,5988;1,5988;1,5988;
05-09-2022;1,5954;1,5954;1,5954;1,5954;1,5954;
02-09-2022;1,6388;1,6388;1,6388;1,6388;1,6388;
01-09-2022;1,6372;1,6372;1,6372;1,6372;1,6372;
31-08-2022;1,6446;1,6446;1,6446;1,6446;1,6446;
30-08-2022;1,6499;1,6499;1,6499;1,6499;1,6499;
29-08-2022;1,6600;1,6600;1,6600;1,6600;1,6600;
26-08-2022;1,7222;1,7222;1,7222;1,7222;1,7222;
25-08-2022;1,6905;1,6905;1,6905;1,6905;1,6905;
24-08-2022;1,6843;1,6843;1,6843;1,6843;1,6843;
23-08-2022;1,7047;1,7047;1,7047;1,7047;1,7047;
22-08-2022;1,7530;1,7530;1,7530;1,7530;1,7530;
19-08-2022;1,7814;1,7814;1,7814;1,7814;1,7814;
18-08-2022;1,7672;1,7672;1,7672;1,7672;1,7672;
17-08-2022;1,7879;1,7879;1,7879;1,7879;1,7879;
16-08-2022;1,7883;1,7883;1,7883;1,7883;1,7883;
15-08-2022;1,7697;1,7697;1,7697;1,7697;1,7697;
12-08-2022;1,7520;1,7520;1,7520;1,7520;1,7520;
11-08-2022;1,7676;1,7676;1,7676;1,7676;1,7676;
10-08-2022;1,7357;1,7357;1,7357;1,7357;1,7357;
09-08-2022;1,7550;1,7550;1,7550;1,7550;1,7550;
08-08-2022;1,7750;1,7750;1,7750;1,7750;1,7750;
05-08-2022;1,7849;1,7849;1,7849;1,7849;1,7849;
04-08-2022;1,7816;1,7816;1,7816;1,7816;1,7816;
03-08-2022;1,7677;1,7677;1,7677;1,7677;1,7677;
02-08-2022;1,7457;1,7457;1,7457;1,7457;1,7457;
01-08-2022;1,7415;1,7415;1,7415;1,7415;1,7415;
29-07-2022;1,7161;1,7161;1,7161;1,7161;1,7161;
28-07-2022;1,7070;1,7070;1,7070;1,7070;1,7070;
27-07-2022;1,6567;1,6567;1,6567;1,6567;1,6567;
26-07-2022;1,6871;1,6871;1,6871;1,6871;1,6871;
25-07-2022;1,7053;1,7053;1,7053;1,7053;1,7053;
22-07-2022;1,7511;1,7511;1,7511;1,7511;1,7511;
21-07-2022;1,7170;1,7170;1,7170;1,7170;1,7170;
20-07-2022;1,6809;1,6809;1,6809;1,6809;1,6809;
19-07-2022;1,6240;1,6240;1,6240;1,6240;1,6240;
18-07-2022;1,6380;1,6380;1,6380;1,6380;1,6380;
15-07-2022;1,6254;1,6254;1,6254;1,6254;1,6254;
14-07-2022;1,6185;1,6185;1,6185;1,6185;1,6185;
13-07-2022;1,6373;1,6373;1,6373;1,6373;1,6373;
12-07-2022;1,6415;1,6415;1,6415;1,6415;1,6415;
11-07-2022;1,6543;1,6543;1,6543;1,6543;1,6543;
08-07-2022;1,6630;1,6630;1,6630;1,6630;1,6630;
07-07-2022;1,6440;1,6440;1,6440;1,6440;1,6440;
06-07-2022;1,6322;1,6322;1,6322;1,6322;1,6322;
05-07-2022;1,5857;1,5857;1,5857;1,5857;1,5857;
04-07-2022;1,5806;1,5806;1,5806;1,5806;1,5806;
01-07-2022;1,5574;1,5574;1,5574;1,5574;1,5574;
30-06-2022;1,5784;1,5784;1,5784;1,5784;1,5784;
29-06-2022;1,5774;1,5774;1,5774;1,5774;1,5774;
28-06-2022;1,6103;1,6103;1,6103;1,6103;1,6103;
27-06-2022;1,6225;1,6225;1,6225;1,6225;1,6225;
24-06-2022;1,5667;1,5667;1,5667;1,5667;1,5667;
23-06-2022;1,5394;1,5394;1,5394;1,5394;1,5394;
22-06-2022;1,5497;1,5497;1,5497;1,5497;1,5497;
21-06-2022;1,5348;1,5348;1,5348;1,5348;1,5348;
20-06-2022;1,5407;1,5407;1,5407;1,5407;1,5407;
17-06-2022;1,5281;1,5281;1,5281;1,5281;1,5281;
16-06-2022;1,5804;1,5804;1,5804;1,5804;1,5804;
15-06-2022;1,5537;1,5537;1,5537;1,5537;1,5537;
14-06-2022;1,5295;1,5295;1,5295;1,5295;1,5295;
13-06-2022;1,5749;1,5749;1,5749;1,5749;1,5749;
10-06-2022;1,6089;1,6089;1,6089;1,6089;1,6089;
09-06-2022;1,6545;1,6545;1,6545;1,6545;1,6545;
08-06-2022;1,6616;1,6616;1,6616;1,6616;1,6616;
07-06-2022;1,6526;1,6526;1,6526;1,6526;1,6526;
06-06-2022;1,6427;1,6427;1,6427;1,6427;1,6427;
03-06-2022;1,6832;1,6832;1,6832;1,6832;1,6832;
02-06-2022;1,6406;1,6406;1,6406;1,6406;1,6406;
01-06-2022;1,6540;1,6540;1,6540;1,6540;1,6540;
31-05-2022;1,6467;1,6467;1,6467;1,6467;1,6467;
30-05-2022;1,6524;1,6524;1,6524;1,6524;1,6524;
27-05-2022;1,6196;1,6196;1,6196;1,6196;1,6196;
26-05-2022;1,5816;1,5816;1,5816;1,5816;1,5816;
25-05-2022;1,5658;1,5658;1,5658;1,5658;1,5658;
24-05-2022;1,6062;1,6062;1,6062;1,6062;1,6062;
23-05-2022;1,5817;1,5817;1,5817;1,5817;1,5817;
20-05-2022;1,5908;1,5908;1,5908;1,5908;1,5908;
19-05-2022;1,5975;1,5975;1,5975;1,5975;1,5975;
18-05-2022;1,6589;1,6589;1,6589;1,6589;1,6589;
17-05-2022;1,6229;1,6229;1,6229;1,6229;1,6229;
16-05-2022;1,6441;1,6441;1,6441;1,6441;1,6441;
13-05-2022;1,6020;1,6020;1,6020;1,6020;1,6020;
12-05-2022;1,5965;1,5965;1,5965;1,5965;1,5965;
11-05-2022;1,6464;1,6464;1,6464;1,6464;1,6464;
10-05-2022;1,6283;1,6283;1,6283;1,6283;1,6283;
09-05-2022;1,6915;1,6915;1,6915;1,6915;1,6915;
06-05-2022;1,7354;1,7354;1,7354;1,7354;1,7354;
05-05-2022;1,8047;1,8047;1,8047;1,8047;1,8047;
04-05-2022;1,7701;1,7701;1,7701;1,7701;1,7701;
03-05-2022;1,7867;1,7867;1,7867;1,7867;1,7867;
02-05-2022;1,7518;1,7518;1,7518;1,7518;1,7518;
29-04-2022;1,8288;1,8288;1,8288;1,8288;1,8288;
28-04-2022;1,7616;1,7616;1,7616;1,7616;1,7616;
27-04-2022;1,7622;1,7622;1,7622;1,7622;1,7622;
26-04-2022;1,8144;1,8144;1,8144;1,8144;1,8144;
25-04-2022;1,8023;1,8023;1,8023;1,8023;1,8023;
22-04-2022;1,8516;1,8516;1,8516;1,8516;1,8516;
21-04-2022;1,8816;1,8816;1,8816;1,8816;1,8816;
20-04-2022;1,9295;1,9295;1,9295;1,9295;1,9295;
19-04-2022;1,8781;1,8781;1,8781;1,8781;1,8781;
18-04-2022;1,9028;1,9028;1,9028;1,9028;1,9028;
13-04-2022;1,8762;1,8762;1,8762;1,8762;1,8762;
12-04-2022;1,9004;1,9004;1,9004;1,9004;1,9004;
11-04-2022;1,9441;1,9441;1,9441;1,9441;1,9441;
08-04-2022;1,9678;1,9678;1,9678;1,9678;1,9678;
07-04-2022;1,9764;1,9764;1,9764;1,9764;1,9764;
06-04-2022;2,0034;2,0034;2,0034;2,0034;2,0034;
05-04-2022;2,0324;2,0324;2,0324;2,0324;2,0324;
04-04-2022;1,9982;1,9982;1,9982;1,9982;1,9982;
01-04-2022;1,9962;1,9962;1,9962;1,9962;1,9962;
31-03-2022;2,0230;2,0230;2,0230;2,0230;2,0230;
30-03-2022;2,0570;2,0570;2,0570;2,0570;2,0570;
29-03-2022;2,0376;2,0376;2,0376;2,0376;2,0376;
28-03-2022;2,0017;2,0017;2,0017;2,0017;2,0017;
25-03-2022;2,0161;2,0161;2,0161;2,0161;2,0161;
24-03-2022;1,9869;1,9869;1,9869;1,9869;1,9869;
23-03-2022;2,0376;2,0376;2,0376;2,0376;2,0376;
22-03-2022;2,0323;2,0323;2,0323;2,0323;2,0323;
18-03-2022;2,0030;2,0030;2,0030;2,0030;2,0030;
17-03-2022;1,9844;1,9844;1,9844;1,9844;1,9844;
16-03-2022;1,9412;1,9412;1,9412;1,9412;1,9412;
15-03-2022;1,8997;1,8997;1,8997;1,8997;1,8997;
14-03-2022;1,9253;1,9253;1,9253;1,9253;1,9253;
11-03-2022;1,9557;1,9557;1,9557;1,9557;1,9557;
10-03-2022;1,9584;1,9584;1,9584;1,9584;1,9584;
09-03-2022;1,9339;1,9339;1,9339;1,9339;1,9339;
08-03-2022;1,9403;1,9403;1,9403;1,9403;1,9403;
07-03-2022;1,9800;1,9800;1,9800;1,9800;1,9800;
04-03-2022;1,9887;1,9887;1,9887;1,9887;1,9887;
03-03-2022;2,0129;2,0129;2,0129;2,0129;2,0129;
02-03-2022;1,9878;1,9878;1,9878;1,9878;1,9878;
01-03-2022;2,0089;2,0089;2,0089;2,0089;2,0089;
28-02-2022;1,9928;1,9928;1,9928;1,9928;1,9928;
25-02-2022;1,9832;1,9832;1,9832;1,9832;1,9832;
24-02-2022;1,9049;1,9049;1,9049;1,9049;1,9049;
23-02-2022;1,9479;1,9479;1,9479;1,9479;1,9479;
22-02-2022;1,9712;1,9712;1,9712;1,9712;1,9712;
21-02-2022;1,9697;1,9697;1,9697;1,9697;1,9697;
18-02-2022;1,9965;1,9965;1,9965;1,9965;1,9965;
17-02-2022;2,0491;2,0491;2,0491;2,0491;2,0491;
16-02-2022;2,0593;2,0593;2,0593;2,0593;2,0593;
15-02-2022;2,0213;2,0213;2,0213;2,0213;2,0213;
14-02-2022;2,0336;2,0336;2,0336;2,0336;2,0336;
11-02-2022;2,0866;2,0866;2,0866;2,0866;2,0866;
10-02-2022;2,1182;2,1182;2,1182;2,1182;2,1182;
09-02-2022;2,0851;2,0851;2,0851;2,0851;2,0851;
08-02-2022;2,0899;2,0899;2,0899;2,0899;2,0899;
04-02-2022;2,0626;2,0626;2,0626;2,0626;2,0626;
03-02-2022;2,1480;2,1480;2,1480;2,1480;2,1480;
02-02-2022;2,1301;2,1301;2,1301;2,1301;2,1301;
01-02-2022;2,1135;2,1135;2,1135;2,1135;2,1135;
31-01-2022;2,0852;2,0852;2,0852;2,0852;2,0852;
28-01-2022;2,0188;2,0188;2,0188;2,0188;2,0188;
27-01-2022;2,0218;2,0218;2,0218;2,0218;2,0218;
26-01-2022;2,0231;2,0231;2,0231;2,0231;2,0231;
25-01-2022;2,0679;2,0679;2,0679;2,0679;2,0679;
24-01-2022;2,0400;2,0400;2,0400;2,0400;2,0400;
21-01-2022;2,0998;2,0998;2,0998;2,0998;2,0998;
20-01-2022;2,1215;2,1215;2,1215;2,1215;2,1215;
19-01-2022;2,1359;2,1359;2,1359;2,1359;2,1359;
18-01-2022;2,1680;2,1680;2,1680;2,1680;2,1680;
17-01-2022;2,1698;2,1698;2,1698;2,1698;2,1698;
14-01-2022;2,1644;2,1644;2,1644;2,1644;2,1644;
13-01-2022;2,2066;2,2066;2,2066;2,2066;2,2066;
12-01-2022;2,2083;2,2083;2,2083;2,2083;2,2083;
11-01-2022;2,1740;2,1740;2,1740;2,1740;2,1740;
10-01-2022;2,1779;2,1779;2,1779;2,1779;2,1779;
07-01-2022;2,2010;2,2010;2,2010;2,2010;2,2010;
06-01-2022;2,1974;2,1974;2,1974;2,1974;2,1974;
05-01-2022;2,2502;2,2502;2,2502;2,2502;2,2502;
04-01-2022;2,2622;2,2622;2,2622;2,2622;2,2622;
03-01-2022;2,2440;2,2440;2,2440;2,2440;2,2440;
31-12-2021;2,2540;2,2540;2,2540;2,2540;2,2540;
30-12-2021;2,2683;2,2683;2,2683;2,2683;2,2683;
29-12-2021;2,2858;2,2858;2,2858;2,2858;2,2858;
28-12-2021;2,2943;2,2943;2,2943;2,2943;2,2943;
27-12-2021;2,2576;2,2576;2,2576;2,2576;2,2576;
24-12-2021;2,2596;2,2596;2,2596;2,2596;2,2596;
23-12-2021;2,2613;2,2613;2,2613;2,2613;2,2613;
22-12-2021;2,2554;2,2554;2,2554;2,2554;2,2554;
21-12-2021;2,1992;2,1992;2,1992;2,1992;2,1992;
20-12-2021;2,2363;2,2363;2,2363;2,2363;2,2363;
17-12-2021;2,2576;2,2576;2,2576;2,2576;2,2576;
16-12-2021;2,3203;2,3203;2,3203;2,3203;2,3203;
15-12-2021;2,2948;2,2948;2,2948;2,2948;2,2948;
14-12-2021;2,2843;2,2843;2,2843;2,2843;2,2843;
13-12-2021;2,3022;2,3022;2,3022;2,3022;2,3022;
10-12-2021;2,2861;2,2861;2,2861;2,2861;2,2861;
09-12-2021;2,3014;2,3014;2,3014;2,3014;2,3014;
08-12-2021;2,3005;2,3005;2,3005;2,3005;2,3005;
07-12-2021;2,2629;2,2629;2,2629;2,2629;2,2629;
06-12-2021;2,2482;2,2482;2,2482;2,2482;2,2482;
03-12-2021;2,2737;2,2737;2,2737;2,2737;2,2737;
02-12-2021;2,2418;2,2418;2,2418;2,2418;2,2418;
01-12-2021;2,2948;2,2948;2,2948;2,2948;2,2948;
30-11-2021;2,3663;2,3663;2,3663;2,3663;2,3663;
29-11-2021;2,3481;2,3481;2,3481;2,3481;2,3481;
26-11-2021;2,3719;2,3719;2,3719;2,3719;2,3719;
25-11-2021;2,3602;2,3602;2,3602;2,3602;2,3602;
24-11-2021;2,3371;2,3371;2,3371;2,3371;2,3371;
23-11-2021;2,3204;2,3204;2,3204;2,3204;2,3204;
22-11-2021;2,3336;2,3336;2,3336;2,3336;2,3336;
19-11-2021;2,3373;2,3373;2,3373;2,3373;2,3373;
18-11-2021;2,3267;2,3267;2,3267;2,3267;2,3267;
17-11-2021;2,3496;2,3496;2,3496;2,3496;2,3496;
16-11-2021;2,3138;2,3138;2,3138;2,3138;2,3138;
12-11-2021;2,3064;2,3064;2,3064;2,3064;2,3064;
11-11-2021;2,3005;2,3005;2,3005;2,3005;2,3005;
10-11-2021;2,2993;2,2993;2,2993;2,2993;2,2993;
09-11-2021;2,3068;2,3068;2,3068;2,3068;2,3068;
08-11-2021;2,2977;2,2977;2,2977;2,2977;2,2977;
05-11-2021;2,3064;2,3064;2,3064;2,3064;2,3064;
04-11-2021;2,2699;2,2699;2,2699;2,2699;2,2699;
03-11-2021;2,2785;2,2785;2,2785;2,2785;2,2785;
01-11-2021;2,2433;2,2433;2,2433;2,2433;2,2433;
29-10-2021;2,2188;2,2188;2,2188;2,2188;2,2188;
28-10-2021;2,1857;2,1857;2,1857;2,1857;2,1857;
27-10-2021;2,1912;2,1912;2,1912;2,1912;2,1912;
26-10-2021;2,1813;2,1813;2,1813;2,1813;2,1813;
25-10-2021;2,1743;2,1743;2,1743;2,1743;2,1743;
22-10-2021;2,2011;2,2011;2,2011;2,2011;2,2011;
21-10-2021;2,1772;2,1772;2,1772;2,1772;2,1772;
20-10-2021;2,1874;2,1874;2,1874;2,1874;2,1874;
19-10-2021;2,1830;2,1830;2,1830;2,1830;2,1830;
18-10-2021;2,1681;2,1681;2,1681;2,1681;2,1681;
15-10-2021;2,1804;2,1804;2,1804;2,1804;2,1804;
14-10-2021;2,1600;2,1600;2,1600;2,1600;2,1600;
13-10-2021;2,1604;2,1604;2,1604;2,1604;2,1604;
12-10-2021;2,1731;2,1731;2,1731;2,1731;2,1731;
11-10-2021;2,1746;2,1746;2,1746;2,1746;2,1746;
08-10-2021;2,1711;2,1711;2,1711;2,1711;2,1711;
07-10-2021;2,1375;2,1375;2,1375;2,1375;2,1375;
06-10-2021;2,1228;2,1228;2,1228;2,1228;2,1228;
05-10-2021;2,0964;2,0964;2,0964;2,0964;2,0964;
04-10-2021;2,1312;2,1312;2,1312;2,1312;2,1312;
01-10-2021;2,1338;2,1338;2,1338;2,1338;2,1338;
30-09-2021;2,1448;2,1448;2,1448;2,1448;2,1448;
29-09-2021;2,1274;2,1274;2,1274;2,1274;2,1274;
28-09-2021;2,1482;2,1482;2,1482;2,1482;2,1482;
27-09-2021;2,1538;2,1538;2,1538;2,1538;2,1538;
24-09-2021;2,1480;2,1480;2,1480;2,1480;2,1480;
23-09-2021;2,1217;2,1217;2,1217;2,1217;2,1217;
22-09-2021;2,1106;2,1106;2,1106;2,1106;2,1106;
21-09-2021;2,1189;2,1189;2,1189;2,1189;2,1189;
20-09-2021;2,1431;2,1431;2,1431;2,1431;2,1431;
17-09-2021;2,1529;2,1529;2,1529;2,1529;2,1529;
15-09-2021;2,1490;2,1490;2,1490;2,1490;2,1490;
14-09-2021;2,1544;2,1544;2,1544;2,1544;2,1544;
13-09-2021;2,1561;2,1561;2,1561;2,1561;2,1561;
10-09-2021;2,1734;2,1734;2,1734;2,1734;2,1734;
09-09-2021;2,1870;2,1870;2,1870;2,1870;2,1870;
08-09-2021;2,1917;2,1917;2,1917;2,1917;2,1917;
07-09-2021;2,2005;2,2005;2,2005;2,2005;2,2005;
06-09-2021;2,2002;2,2002;2,2002;2,2002;2,2002;
03-09-2021;2,2039;2,2039;2,2039;2,2039;2,2039;
02-09-2021;2,2179;2,2179;2,2179;2,2179;2,2179;
01-09-2021;2,2229;2,2229;2,2229;2,2229;2,2229;
31-08-2021;2,2278;2,2278;2,2278;2,2278;2,2278;
30-08-2021;2,2263;2,2263;2,2263;2,2263;2,2263;
27-08-2021;2,2224;2,2224;2,2224;2,2224;2,2224;
26-08-2021;2,2330;2,2330;2,2330;2,2330;2,2330;
25-08-2021;2,2212;2,2212;2,2212;2,2212;2,2212;
24-08-2021;2,2263;2,2263;2,2263;2,2263;2,2263;
23-08-2021;2,2021;2,2021;2,2021;2,2021;2,2021;
20-08-2021;2,1644;2,1644;2,1644;2,1644;2,1644;
19-08-2021;2,1438;2,1438;2,1438;2,1438;2,1438;
18-08-2021;2,1716;2,1716;2,1716;2,1716;2,1716;
17-08-2021;2,1813;2,1813;2,1813;2,1813;2,1813;
16-08-2021;2,1793;2,1793;2,1793;2,1793;2,1793;
13-08-2021;2,1758;2,1758;2,1758;2,1758;2,1758;
12-08-2021;2,1702;2,1702;2,1702;2,1702;2,1702;
11-08-2021;2,1897;2,1897;2,1897;2,1897;2,1897;
10-08-2021;2,1952;2,1952;2,1952;2,1952;2,1952;
09-08-2021;2,1950;2,1950;2,1950;2,1950;2,1950;
06-08-2021;2,1796;2,1796;2,1796;2,1796;2,1796;
05-08-2021;2,1649;2,1649;2,1649;2,1649;2,1649;
04-08-2021;2,1554;2,1554;2,1554;2,1554;2,1554;
03-08-2021;2,1471;2,1471;2,1471;2,1471;2,1471;
02-08-2021;2,1508;2,1508;2,1508;2,1508;2,1508;
30-07-2021;2,1657;2,1657;2,1657;2,1657;2,1657;
29-07-2021;2,1672;2,1672;2,1672;2,1672;2,1672;
28-07-2021;2,1623;2,1623;2,1623;2,1623;2,1623;
27-07-2021;2,1875;2,1875;2,1875;2,1875;2,1875;
26-07-2021;2,1935;2,1935;2,1935;2,1935;2,1935;
23-07-2021;2,1729;2,1729;2,1729;2,1729;2,1729;
22-07-2021;2,1703;2,1703;2,1703;2,1703;2,1703;
21-07-2021;2,1409;2,1409;2,1409;2,1409;2,1409;
20-07-2021;2,1063;2,1063;2,1063;2,1063;2,1063;
19-07-2021;2,1145;2,1145;2,1145;2,1145;2,1145;
16-07-2021;2,1399;2,1399;2,1399;2,1399;2,1399;
15-07-2021;2,1437;2,1437;2,1437;2,1437;2,1437;
14-07-2021;2,1629;2,1629;2,1629;2,1629;2,1629;
13-07-2021;2,1457;2,1457;2,1457;2,1457;2,1457;
12-07-2021;2,1385;2,1385;2,1385;2,1385;2,1385;
09-07-2021;2,1350;2,1350;2,1350;2,1350;2,1350;
08-07-2021;2,1487;2,1487;2,1487;2,1487;2,1487;
07-07-2021;2,1549;2,1549;2,1549;2,1549;2,1549;
06-07-2021;2,1324;2,1324;2,1324;2,1324;2,1324;
05-07-2021;2,1251;2,1251;2,1251;2,1251;2,1251;
02-07-2021;2,1329;2,1329;2,1329;2,1329;2,1329;
01-07-2021;2,1149;2,1149;2,1149;2,1149;2,1149;
30-06-2021;2,1079;2,1079;2,1079;2,1079;2,1079;
29-06-2021;2,1078;2,1078;2,1078;2,1078;2,1078;
28-06-2021;2,1048;2,1048;2,1048;2,1048;2,1048;
25-06-2021;2,0980;2,0980;2,0980;2,0980;2,0980;
24-06-2021;2,1176;2,1176;2,1176;2,1176;2,1176;
23-06-2021;2,1390;2,1390;2,1390;2,1390;2,1390;
22-06-2021;2,1387;2,1387;2,1387;2,1387;2,1387;
21-06-2021;2,1313;2,1313;2,1313;2,1313;2,1313;
18-06-2021;2,1304;2,1304;2,1304;2,1304;2,1304;
17-06-2021;2,0996;2,0996;2,0996;2,0996;2,0996;
16-06-2021;2,0924;2,0924;2,0924;2,0924;2,0924;
15-06-2021;2,0929;2,0929;2,0929;2,0929;2,0929;
14-06-2021;2,0763;2,0763;2,0763;2,0763;2,0763;
11-06-2021;2,0536;2,0536;2,0536;2,0536;2,0536;
10-06-2021;2,0429;2,0429;2,0429;2,0429;2,0429;
09-06-2021;2,0443;2,0443;2,0443;2,0443;2,0443;
08-06-2021;2,0552;2,0552;2,0552;2,0552;2,0552;
07-06-2021;2,0632;2,0632;2,0632;2,0632;2,0632;
04-06-2021;2,0579;2,0579;2,0579;2,0579;2,0579;
03-06-2021;2,0438;2,0438;2,0438;2,0438;2,0438;
02-06-2021;2,0430;2,0430;2,0430;2,0430;2,0430;
01-06-2021;2,0391;2,0391;2,0391;2,0391;2,0391;
31-05-2021;2,0353;2,0353;2,0353;2,0353;2,0353;
28-05-2021;2,0357;2,0357;2,0357;2,0357;2,0357;
27-05-2021;2,0270;2,0270;2,0270;2,0270;2,0270;
26-05-2021;2,0246;2,0246;2,0246;2,0246;2,0246;
25-05-2021;2,0149;2,0149;2,0149;2,0149;2,0149;
24-05-2021;2,0018;2,0018;2,0018;2,0018;2,0018;
21-05-2021;1,9960;1,9960;1,9960;1,9960;1,9960;
20-05-2021;1,9761;1,9761;1,9761;1,9761;1,9761;
19-05-2021;1,9663;1,9663;1,9663;1,9663;1,9663;
18-05-2021;1,9715;1,9715;1,9715;1,9715;1,9715;
17-05-2021;1,9816;1,9816;1,9816;1,9816;1,9816;
14-05-2021;1,9553;1,9553;1,9553;1,9553;1,9553;
13-05-2021;1,9626;1,9626;1,9626;1,9626;1,9626;
12-05-2021;1,9882;1,9882;1,9882;1,9882;1,9882;
11-05-2021;1,9911;1,9911;1,9911;1,9911;1,9911;
10-05-2021;2,0265;2,0265;2,0265;2,0265;2,0265;
07-05-2021;2,0339;2,0339;2,0339;2,0339;2,0339;
06-05-2021;2,0282;2,0282;2,0282;2,0282;2,0282;
05-05-2021;2,0357;2,0357;2,0357;2,0357;2,0357;
04-05-2021;2,0516;2,0516;2,0516;2,0516;2,0516;
03-05-2021;2,0613;2,0613;2,0613;2,0613;2,0613;
30-04-2021;2,0600;2,0600;2,0600;2,0600;2,0600;
29-04-2021;2,0284;2,0284;2,0284;2,0284;2,0284;
28-04-2021;2,0471;2,0471;2,0471;2,0471;2,0471;
27-04-2021;2,0287;2,0287;2,0287;2,0287;2,0287;
26-04-2021;2,0148;2,0148;2,0148;2,0148;2,0148;
23-04-2021;2,0019;2,0019;2,0019;2,0019;2,0019;
22-04-2021;2,0190;2,0190;2,0190;2,0190;2,0190;
21-04-2021;2,0129;2,0129;2,0129;2,0129;2,0129;
20-04-2021;2,0174;2,0174;2,0174;2,0174;2,0174;
19-04-2021;2,0454;2,0454;2,0454;2,0454;2,0454;
16-04-2021;2,0460;2,0460;2,0460;2,0460;2,0460;
15-04-2021;2,0322;2,0322;2,0322;2,0322;2,0322;
14-04-2021;2,0450;2,0450;2,0450;2,0450;2,0450;
13-04-2021;2,0441;2,0441;2,0441;2,0441;2,0441;
12-04-2021;2,0330;2,0330;2,0330;2,0330;2,0330;
09-04-2021;2,0173;2,0173;2,0173;2,0173;2,0173;
08-04-2021;2,0145;2,0145;2,0145;2,0145;2,0145;
07-04-2021;2,0086;2,0086;2,0086;2,0086;2,0086;
06-04-2021;2,0256;2,0256;2,0256;2,0256;2,0256;
05-04-2021;1,9705;1,9705;1,9705;1,9705;1,9705;
31-03-2021;1,9707;1,9707;1,9707;1,9707;1,9707;
30-03-2021;1,9897;1,9897;1,9897;1,9897;1,9897;
29-03-2021;1,9749;1,9749;1,9749;1,9749;1,9749;
26-03-2021;1,9572;1,9572;1,9572;1,9572;1,9572;
25-03-2021;1,9810;1,9810;1,9810;1,9810;1,9810;
24-03-2021;1,9913;1,9913;1,9913;1,9913;1,9913;
23-03-2021;1,9838;1,9838;1,9838;1,9838;1,9838;
22-03-2021;1,9623;1,9623;1,9623;1,9623;1,9623;
19-03-2021;1,9574;1,9574;1,9574;1,9574;1,9574;
18-03-2021;1,9838;1,9838;1,9838;1,9838;1,9838;
17-03-2021;1,9948;1,9948;1,9948;1,9948;1,9948;
16-03-2021;1,9875;1,9875;1,9875;1,9875;1,9875;
12-03-2021;1,9944;1,9944;1,9944;1,9944;1,9944;
11-03-2021;1,9863;1,9863;1,9863;1,9863;1,9863;
10-03-2021;2,0042;2,0042;2,0042;2,0042;2,0042;
09-03-2021;1,9852;1,9852;1,9852;1,9852;1,9852;
08-03-2021;1,9921;1,9921;1,9921;1,9921;1,9921;
05-03-2021;1,9436;1,9436;1,9436;1,9436;1,9436;
04-03-2021;1,9491;1,9491;1,9491;1,9491;1,9491;
03-03-2021;1,9497;1,9497;1,9497;1,9497;1,9497;
02-03-2021;1,9783;1,9783;1,9783;1,9783;1,9783;
01-03-2021;1,9656;1,9656;1,9656;1,9656;1,9656;
26-02-2021;1,9590;1,9590;1,9590;1,9590;1,9590;
25-02-2021;1,9782;1,9782;1,9782;1,9782;1,9782;
24-02-2021;1,9670;1,9670;1,9670;1,9670;1,9670;
23-02-2021;1,9927;1,9927;1,9927;1,9927;1,9927;
22-02-2021;1,9871;1,9871;1,9871;1,9871;1,9871;
19-02-2021;1,9804;1,9804;1,9804;1,9804;1,9804;
18-02-2021;1,9821;1,9821;1,9821;1,9821;1,9821;
17-02-2021;1,9878;1,9878;1,9878;1,9878;1,9878;
16-02-2021;1,9615;1,9615;1,9615;1,9615;1,9615;
15-02-2021;1,9629;1,9629;1,9629;1,9629;1,9629;
12-02-2021;1,9570;1,9570;1,9570;1,9570;1,9570;
11-02-2021;1,9548;1,9548;1,9548;1,9548;1,9548;
10-02-2021;1,9616;1,9616;1,9616;1,9616;1,9616;
09-02-2021;1,9607;1,9607;1,9607;1,9607;1,9607;
08-02-2021;1,9500;1,9500;1,9500;1,9500;1,9500;
05-02-2021;1,9733;1,9733;1,9733;1,9733;1,9733;
04-02-2021;1,9340;1,9340;1,9340;1,9340;1,9340;
03-02-2021;1,9206;1,9206;1,9206;1,9206;1,9206;
02-02-2021;1,8876;1,8876;1,8876;1,8876;1,8876;
29-01-2021;1,8889;1,8889;1,8889;1,8889;1,8889;
28-01-2021;1,8845;1,8845;1,8845;1,8845;1,8845;
27-01-2021;1,9106;1,9106;1,9106;1,9106;1,9106;
26-01-2021;1,9203;1,9203;1,9203;1,9203;1,9203;
25-01-2021;1,9021;1,9021;1,9021;1,9021;1,9021;
22-01-2021;1,8880;1,8880;1,8880;1,8880;1,8880;
21-01-2021;1,8805;1,8805;1,8805;1,8805;1,8805;
20-01-2021;1,8484;1,8484;1,8484;1,8484;1,8484;
19-01-2021;1,8269;1,8269;1,8269;1,8269;1,8269;
18-01-2021;1,8338;1,8338;1,8338;1,8338;1,8338;
15-01-2021;1,8373;1,8373;1,8373;1,8373;1,8373;
14-01-2021;1,8596;1,8596;1,8596;1,8596;1,8596;
13-01-2021;1,8517;1,8517;1,8517;1,8517;1,8517;
12-01-2021;1,8795;1,8795;1,8795;1,8795;1,8795;
11-01-2021;1,8980;1,8980;1,8980;1,8980;1,8980;
08-01-2021;1,8853;1,8853;1,8853;1,8853;1,8853;
07-01-2021;1,8229;1,8229;1,8229;1,8229;1,8229;
06-01-2021;1,8569;1,8569;1,8569;1,8569;1,8569;
05-01-2021;1,8454;1,8454;1,8454;1,8454;1,8454;
04-01-2021;1,8730;1,8730;1,8730;1,8730;1,8730;
31-12-2020;1,8680;1,8680;1,8680;1,8680;1,8680;
30-12-2020;1,8672;1,8672;1,8672;1,8672;1,8672;
29-12-2020;1,8746;1,8746;1,8746;1,8746;1,8746;
28-12-2020;1,8461;1,8461;1,8461;1,8461;1,8461;
24-12-2020;1,8707;1,8707;1,8707;1,8707;1,8707;
23-12-2020;1,8838;1,8838;1,8838;1,8838;1,8838;
22-12-2020;1,8653;1,8653;1,8653;1,8653;1,8653;
21-12-2020;1,8826;1,8826;1,8826;1,8826;1,8826;
18-12-2020;1,8682;1,8682;1,8682;1,8682;1,8682;
17-12-2020;1,8678;1,8678;1,8678;1,8678;1,8678;
16-12-2020;1,8512;1,8512;1,8512;1,8512;1,8512;
15-12-2020;1,8696;1,8696;1,8696;1,8696;1,8696;
14-12-2020;1,8601;1,8601;1,8601;1,8601;1,8601;
11-12-2020;1,8496;1,8496;1,8496;1,8496;1,8496;
10-12-2020;1,8354;1,8354;1,8354;1,8354;1,8354;
09-12-2020;1,8494;1,8494;1,8494;1,8494;1,8494;
08-12-2020;1,8520;1,8520;1,8520;1,8520;1,8520;
07-12-2020;1,8421;1,8421;1,8421;1,8421;1,8421;
04-12-2020;1,8435;1,8435;1,8435;1,8435;1,8435;
03-12-2020;1,8528;1,8528;1,8528;1,8528;1,8528;
02-12-2020;1,8522;1,8522;1,8522;1,8522;1,8522;
01-12-2020;1,8472;1,8472;1,8472;1,8472;1,8472;
30-11-2020;1,8462;1,8462;1,8462;1,8462;1,8462;
27-11-2020;1,8376;1,8376;1,8376;1,8376;1,8376;
26-11-2020;1,8297;1,8297;1,8297;1,8297;1,8297;
25-11-2020;1,8347;1,8347;1,8347;1,8347;1,8347;
24-11-2020;1,8219;1,8219;1,8219;1,8219;1,8219;
23-11-2020;1,8102;1,8102;1,8102;1,8102;1,8102;
20-11-2020;1,8248;1,8248;1,8248;1,8248;1,8248;
19-11-2020;1,8282;1,8282;1,8282;1,8282;1,8282;
18-11-2020;1,8468;1,8468;1,8468;1,8468;1,8468;
17-11-2020;1,8482;1,8482;1,8482;1,8482;1,8482;
13-11-2020;1,8458;1,8458;1,8458;1,8458;1,8458;
12-11-2020;1,8542;1,8542;1,8542;1,8542;1,8542;
11-11-2020;1,8172;1,8172;1,8172;1,8172;1,8172;
10-11-2020;1,8514;1,8514;1,8514;1,8514;1,8514;
09-11-2020;1,8875;1,8875;1,8875;1,8875;1,8875;
06-11-2020;1,8914;1,8914;1,8914;1,8914;1,8914;
05-11-2020;1,8761;1,8761;1,8761;1,8761;1,8761;
04-11-2020;1,8413;1,8413;1,8413;1,8413;1,8413;
03-11-2020;1,7991;1,7991;1,7991;1,7991;1,7991;
30-10-2020;1,8497;1,8497;1,8497;1,8497;1,8497;
29-10-2020;1,8134;1,8134;1,8134;1,8134;1,8134;
28-10-2020;1,8615;1,8615;1,8615;1,8615;1,8615;
27-10-2020;1,8475;1,8475;1,8475;1,8475;1,8475;
26-10-2020;1,8806;1,8806;1,8806;1,8806;1,8806;
23-10-2020;1,8786;1,8786;1,8786;1,8786;1,8786;
22-10-2020;1,8883;1,8883;1,8883;1,8883;1,8883;
21-10-2020;1,8886;1,8886;1,8886;1,8886;1,8886;
20-10-2020;1,8965;1,8965;1,8965;1,8965;1,8965;
19-10-2020;1,9089;1,9089;1,9089;1,9089;1,9089;
16-10-2020;1,9225;1,9225;1,9225;1,9225;1,9225;
15-10-2020;1,9350;1,9350;1,9350;1,9350;1,9350;
14-10-2020;1,9572;1,9572;1,9572;1,9572;1,9572;
13-10-2020;1,9419;1,9419;1,9419;1,9419;1,9419;
12-10-2020;1,9042;1,9042;1,9042;1,9042;1,9042;
09-10-2020;1,9054;1,9054;1,9054;1,9054;1,9054;
08-10-2020;1,8948;1,8948;1,8948;1,8948;1,8948;
07-10-2020;1,8826;1,8826;1,8826;1,8826;1,8826;
06-10-2020;1,8860;1,8860;1,8860;1,8860;1,8860;
05-10-2020;1,8764;1,8764;1,8764;1,8764;1,8764;
02-10-2020;1,9189;1,9189;1,9189;1,9189;1,9189;
01-10-2020;1,9283;1,9283;1,9283;1,9283;1,9283;
30-09-2020;1,9434;1,9434;1,9434;1,9434;1,9434;
29-09-2020;1,9531;1,9531;1,9531;1,9531;1,9531;
28-09-2020;1,9101;1,9101;1,9101;1,9101;1,9101;
25-09-2020;1,8568;1,8568;1,8568;1,8568;1,8568;
24-09-2020;1,8693;1,8693;1,8693;1,8693;1,8693;
23-09-2020;1,8703;1,8703;1,8703;1,8703;1,8703;
22-09-2020;1,8104;1,8104;1,8104;1,8104;1,8104;
21-09-2020;1,8006;1,8006;1,8006;1,8006;1,8006;
18-09-2020;1,8057;1,8057;1,8057;1,8057;1,8057;
17-09-2020;1,8633;1,8633;1,8633;1,8633;1,8633;
15-09-2020;1,8416;1,8416;1,8416;1,8416;1,8416;
14-09-2020;1,8365;1,8365;1,8365;1,8365;1,8365;
11-09-2020;1,8521;1,8521;1,8521;1,8521;1,8521;
10-09-2020;1,8829;1,8829;1,8829;1,8829;1,8829;
09-09-2020;1,8676;1,8676;1,8676;1,8676;1,8676;
08-09-2020;1,9126;1,9126;1,9126;1,9126;1,9126;
07-09-2020;1,9062;1,9062;1,9062;1,9062;1,9062;
04-09-2020;1,9553;1,9553;1,9553;1,9553;1,9553;
03-09-2020;2,0468;2,0468;2,0468;2,0468;2,0468;
02-09-2020;2,0187;2,0187;2,0187;2,0187;2,0187;
01-09-2020;2,0022;2,0022;2,0022;2,0022;2,0022;
31-08-2020;1,9947;1,9947;1,9947;1,9947;1,9947;
28-08-2020;2,0103;2,0103;2,0103;2,0103;2,0103;
27-08-2020;2,0028;2,0028;2,0028;2,0028;2,0028;
26-08-2020;1,9517;1,9517;1,9517;1,9517;1,9517;
25-08-2020;1,9374;1,9374;1,9374;1,9374;1,9374;
24-08-2020;1,9115;1,9115;1,9115;1,9115;1,9115;
21-08-2020;1,9209;1,9209;1,9209;1,9209;1,9209;
20-08-2020;1,9051;1,9051;1,9051;1,9051;1,9051;
19-08-2020;1,9144;1,9144;1,9144;1,9144;1,9144;
18-08-2020;1,8995;1,8995;1,8995;1,8995;1,8995;
17-08-2020;1,8689;1,8689;1,8689;1,8689;1,8689;
14-08-2020;1,8885;1,8885;1,8885;1,8885;1,8885;
13-08-2020;1,9037;1,9037;1,9037;1,9037;1,9037;
12-08-2020;1,8775;1,8775;1,8775;1,8775;1,8775;
11-08-2020;1,9023;1,9023;1,9023;1,9023;1,9023;
10-08-2020;1,9026;1,9026;1,9026;1,9026;1,9026;
07-08-2020;1,9231;1,9231;1,9231;1,9231;1,9231;
06-08-2020;1,9063;1,9063;1,9063;1,9063;1,9063;
05-08-2020;1,9266;1,9266;1,9266;1,9266;1,9266;
04-08-2020;1,9090;1,9090;1,9090;1,9090;1,9090;
03-08-2020;1,8490;1,8490;1,8490;1,8490;1,8490;
31-07-2020;1,8298;1,8298;1,8298;1,8298;1,8298;
30-07-2020;1,8277;1,8277;1,8277;1,8277;1,8277;
29-07-2020;1,7968;1,7968;1,7968;1,7968;1,7968;
28-07-2020;1,8245;1,8245;1,8245;1,8245;1,8245;
27-07-2020;1,8223;1,8223;1,8223;1,8223;1,8223;
24-07-2020;1,8518;1,8518;1,8518;1,8518;1,8518;
23-07-2020;1,8770;1,8770;1,8770;1,8770;1,8770;
22-07-2020;1,8676;1,8676;1,8676;1,8676;1,8676;
21-07-2020;1,8953;1,8953;1,8953;1,8953;1,8953;
20-07-2020;1,8607;1,8607;1,8607;1,8607;1,8607;
17-07-2020;1,8426;1,8426;1,8426;1,8426;1,8426;
16-07-2020;1,8515;1,8515;1,8515;1,8515;1,8515;
15-07-2020;1,8517;1,8517;1,8517;1,8517;1,8517;
14-07-2020;1,8400;1,8400;1,8400;1,8400;1,8400;
13-07-2020;1,8706;1,8706;1,8706;1,8706;1,8706;
10-07-2020;1,8792;1,8792;1,8792;1,8792;1,8792;
09-07-2020;1,8820;1,8820;1,8820;1,8820;1,8820;
08-07-2020;1,8506;1,8506;1,8506;1,8506;1,8506;
07-07-2020;1,8426;1,8426;1,8426;1,8426;1,8426;
06-07-2020;1,8010;1,8010;1,8010;1,8010;1,8010;
03-07-2020;1,8053;1,8053;1,8053;1,8053;1,8053;
02-07-2020;1,8247;1,8247;1,8247;1,8247;1,8247;
01-07-2020;1,8241;1,8241;1,8241;1,8241;1,8241;
30-06-2020;1,8066;1,8066;1,8066;1,8066;1,8066;
29-06-2020;1,7754;1,7754;1,7754;1,7754;1,7754;
26-06-2020;1,8010;1,8010;1,8010;1,8010;1,8010;
25-06-2020;1,7881;1,7881;1,7881;1,7881;1,7881;
24-06-2020;1,8063;1,8063;1,8063;1,8063;1,8063;
23-06-2020;1,7992;1,7992;1,7992;1,7992;1,7992;
22-06-2020;1,7988;1,7988;1,7988;1,7988;1,7988;
19-06-2020;1,8089;1,8089;1,8089;1,8089;1,8089;
18-06-2020;1,7661;1,7661;1,7661;1,7661;1,7661;
17-06-2020;1,7611;1,7611;1,7611;1,7611;1,7611;
16-06-2020;1,7282;1,7282;1,7282;1,7282;1,7282;
15-06-2020;1,7197;1,7197;1,7197;1,7197;1,7197;
12-06-2020;1,7288;1,7288;1,7288;1,7288;1,7288;
11-06-2020;1,7603;1,7603;1,7603;1,7603;1,7603;
10-06-2020;1,7556;1,7556;1,7556;1,7556;1,7556;
09-06-2020;1,7352;1,7352;1,7352;1,7352;1,7352;
08-06-2020;1,7203;1,7203;1,7203;1,7203;1,7203;
05-06-2020;1,7034;1,7034;1,7034;1,7034;1,7034;
04-06-2020;1,7037;1,7037;1,7037;1,7037;1,7037;
03-06-2020;1,6873;1,6873;1,6873;1,6873;1,6873;
02-06-2020;1,6943;1,6943;1,6943;1,6943;1,6943;
01-06-2020;1,6993;1,6993;1,6993;1,6993;1,6993;
29-05-2020;1,6786;1,6786;1,6786;1,6786;1,6786;
28-05-2020;1,6790;1,6790;1,6790;1,6790;1,6790;
27-05-2020;1,6643;1,6643;1,6643;1,6643;1,6643;
26-05-2020;1,6905;1,6905;1,6905;1,6905;1,6905;
25-05-2020;1,7037;1,7037;1,7037;1,7037;1,7037;
22-05-2020;1,7139;1,7139;1,7139;1,7139;1,7139;
21-05-2020;1,7421;1,7421;1,7421;1,7421;1,7421;
20-05-2020;1,7412;1,7412;1,7412;1,7412;1,7412;
19-05-2020;1,7595;1,7595;1,7595;1,7595;1,7595;
18-05-2020;1,7382;1,7382;1,7382;1,7382;1,7382;
15-05-2020;1,7249;1,7249;1,7249;1,7249;1,7249;
14-05-2020;1,7326;1,7326;1,7326;1,7326;1,7326;
13-05-2020;1,7438;1,7438;1,7438;1,7438;1,7438;
12-05-2020;1,7586;1,7586;1,7586;1,7586;1,7586;
11-05-2020;1,7336;1,7336;1,7336;1,7336;1,7336;
08-05-2020;1,7310;1,7310;1,7310;1,7310;1,7310;
07-05-2020;1,7176;1,7176;1,7176;1,7176;1,7176;
06-05-2020;1,6934;1,6934;1,6934;1,6934;1,6934;
05-05-2020;1,6977;1,6977;1,6977;1,6977;1,6977;
04-05-2020;1,7284;1,7284;1,7284;1,7284;1,7284;
30-04-2020;1,7127;1,7127;1,7127;1,7127;1,7127;
29-04-2020;1,6961;1,6961;1,6961;1,6961;1,6961;
28-04-2020;1,7535;1,7535;1,7535;1,7535;1,7535;
27-04-2020;1,7608;1,7608;1,7608;1,7608;1,7608;
24-04-2020;1,7228;1,7228;1,7228;1,7228;1,7228;
23-04-2020;1,7152;1,7152;1,7152;1,7152;1,7152;
22-04-2020;1,6664;1,6664;1,6664;1,6664;1,6664;
21-04-2020;1,7016;1,7016;1,7016;1,7016;1,7016;
20-04-2020;1,6796;1,6796;1,6796;1,6796;1,6796;
17-04-2020;1,6782;1,6782;1,6782;1,6782;1,6782;
16-04-2020;1,6461;1,6461;1,6461;1,6461;1,6461;
15-04-2020;1,6330;1,6330;1,6330;1,6330;1,6330;
14-04-2020;1,5891;1,5891;1,5891;1,5891;1,5891;
13-04-2020;1,6087;1,6087;1,6087;1,6087;1,6087;
08-04-2020;1,5804;1,5804;1,5804;1,5804;1,5804;
07-04-2020;1,6316;1,6316;1,6316;1,6316;1,6316;
06-04-2020;1,5413;1,5413;1,5413;1,5413;1,5413;
03-04-2020;1,5350;1,5350;1,5350;1,5350;1,5350;
02-04-2020;1,5047;1,5047;1,5047;1,5047;1,5047;
01-04-2020;1,5138;1,5138;1,5138;1,5138;1,5138;
31-03-2020;1,5446;1,5446;1,5446;1,5446;1,5446;
30-03-2020;1,4607;1,4607;1,4607;1,4607;1,4607;
27-03-2020;1,4818;1,4818;1,4818;1,4818;1,4818;
26-03-2020;1,4589;1,4589;1,4589;1,4589;1,4589;
25-03-2020;1,5174;1,5174;1,5174;1,5174;1,5174;
24-03-2020;1,4228;1,4228;1,4228;1,4228;1,4228;
23-03-2020;1,4175;1,4175;1,4175;1,4175;1,4175;
20-03-2020;1,4478;1,4478;1,4478;1,4478;1,4478;
19-03-2020;1,4197;1,4197;1,4197;1,4197;1,4197;
18-03-2020;1,4247;1,4247;1,4247;1,4247;1,4247;
17-03-2020;1,4162;1,4162;1,4162;1,4162;1,4162;
13-03-2020;1,2888;1,2888;1,2888;1,2888;1,2888;
12-03-2020;1,3909;1,3909;1,3909;1,3909;1,3909;
11-03-2020;1,4249;1,4249;1,4249;1,4249;1,4249;
10-03-2020;1,3862;1,3862;1,3862;1,3862;1,3862;
09-03-2020;1,4048;1,4048;1,4048;1,4048;1,4048;
06-03-2020;1,4093;1,4093;1,4093;1,4093;1,4093;
05-03-2020;1,4250;1,4250;1,4250;1,4250;1,4250;
04-03-2020;1,3596;1,3596;1,3596;1,3596;1,3596;
03-03-2020;1,4039;1,4039;1,4039;1,4039;1,4039;
02-03-2020;1,3697;1,3697;1,3697;1,3697;1,3697;
28-02-2020;1,3447;1,3447;1,3447;1,3447;1,3447;
27-02-2020;1,3889;1,3889;1,3889;1,3889;1,3889;
26-02-2020;1,3793;1,3793;1,3793;1,3793;1,3793;
25-02-2020;1,4035;1,4035;1,4035;1,4035;1,4035;
24-02-2020;1,4443;1,4443;1,4443;1,4443;1,4443;
21-02-2020;1,4563;1,4563;1,4563;1,4563;1,4563;
20-02-2020;1,4465;1,4465;1,4465;1,4465;1,4465;
19-02-2020;1,4366;1,4366;1,4366;1,4366;1,4366;
18-02-2020;1,4338;1,4338;1,4338;1,4338;1,4338;
17-02-2020;1,4345;1,4345;1,4345;1,4345;1,4345;
14-02-2020;1,4312;1,4312;1,4312;1,4312;1,4312;
13-02-2020;1,4397;1,4397;1,4397;1,4397;1,4397;
12-02-2020;1,4317;1,4317;1,4317;1,4317;1,4317;
11-02-2020;1,4344;1,4344;1,4344;1,4344;1,4344;
10-02-2020;1,4278;1,4278;1,4278;1,4278;1,4278;
07-02-2020;1,4247;1,4247;1,4247;1,4247;1,4247;
06-02-2020;1,4135;1,4135;1,4135;1,4135;1,4135;
05-02-2020;1,4097;1,4097;1,4097;1,4097;1,4097;
04-02-2020;1,3818;1,3818;1,3818;1,3818;1,3818;
31-01-2020;1,3932;1,3932;1,3932;1,3932;1,3932;
30-01-2020;1,3826;1,3826;1,3826;1,3826;1,3826;
29-01-2020;1,3846;1,3846;1,3846;1,3846;1,3846;
28-01-2020;1,3819;1,3819;1,3819;1,3819;1,3819;
27-01-2020;1,4010;1,4010;1,4010;1,4010;1,4010;
24-01-2020;1,4146;1,4146;1,4146;1,4146;1,4146;
23-01-2020;1,4096;1,4096;1,4096;1,4096;1,4096;
22-01-2020;1,4186;1,4186;1,4186;1,4186;1,4186;
21-01-2020;1,4186;1,4186;1,4186;1,4186;1,4186;
20-01-2020;1,4212;1,4212;1,4212;1,4212;1,4212;
17-01-2020;1,4220;1,4220;1,4220;1,4220;1,4220;
16-01-2020;1,4117;1,4117;1,4117;1,4117;1,4117;
15-01-2020;1,4039;1,4039;1,4039;1,4039;1,4039;
14-01-2020;1,4063;1,4063;1,4063;1,4063;1,4063;
13-01-2020;1,3974;1,3974;1,3974;1,3974;1,3974;
10-01-2020;1,4013;1,4013;1,4013;1,4013;1,4013;
09-01-2020;1,3859;1,3859;1,3859;1,3859;1,3859;
08-01-2020;1,3851;1,3851;1,3851;1,3851;1,3851;
07-01-2020;1,3863;1,3863;1,3863;1,3863;1,3863;
06-01-2020;1,3845;1,3845;1,3845;1,3845;1,3845;
03-01-2020;1,3900;1,3900;1,3900;1,3900;1,3900;
02-01-2020;1,3770;1,3770;1,3770;1,3770;1,3770;
31-12-2019;1,3782;1,3782;1,3782;1,3782;1,3782;
30-12-2019;1,3823;1,3823;1,3823;1,3823;1,3823;
27-12-2019;1,3875;1,3875;1,3875;1,3875;1,3875;
26-12-2019;1,3822;1,3822;1,3822;1,3822;1,3822;
24-12-2019;1,3802;1,3802;1,3802;1,3802;1,3802;
23-12-2019;1,3787;1,3787;1,3787;1,3787;1,3787;
20-12-2019;1,3756;1,3756;1,3756;1,3756;1,3756;
19-12-2019;1,3679;1,3679;1,3679;1,3679;1,3679;
18-12-2019;1,3628;1,3628;1,3628;1,3628;1,3628;
17-12-2019;1,3667;1,3667;1,3667;1,3667;1,3667;
16-12-2019;1,3640;1,3640;1,3640;1,3640;1,3640;
13-12-2019;1,3634;1,3634;1,3634;1,3634;1,3634;
11-12-2019;1,3633;1,3633;1,3633;1,3633;1,3633;
10-12-2019;1,3610;1,3610;1,3610;1,3610;1,3610;
09-12-2019;1,3654;1,3654;1,3654;1,3654;1,3654;
06-12-2019;1,3609;1,3609;1,3609;1,3609;1,3609;
05-12-2019;1,3645;1,3645;1,3645;1,3645;1,3645;
04-12-2019;1,3655;1,3655;1,3655;1,3655;1,3655;
03-12-2019;1,3708;1,3708;1,3708;1,3708;1,3708;
02-12-2019;1,3858;1,3858;1,3858;1,3858;1,3858;
29-11-2019;1,3917;1,3917;1,3917;1,3917;1,3917;
28-11-2019;1,3899;1,3899;1,3899;1,3899;1,3899;
27-11-2019;1,3809;1,3809;1,3809;1,3809;1,3809;
26-11-2019;1,3656;1,3656;1,3656;1,3656;1,3656;
25-11-2019;1,3474;1,3474;1,3474;1,3474;1,3474;
22-11-2019;1,3424;1,3424;1,3424;1,3424;1,3424;
21-11-2019;1,3522;1,3522;1,3522;1,3522;1,3522;
20-11-2019;1,3490;1,3490;1,3490;1,3490;1,3490;
19-11-2019;1,3339;1,3339;1,3339;1,3339;1,3339;
15-11-2019;1,3386;1,3386;1,3386;1,3386;1,3386;
14-11-2019;1,3466;1,3466;1,3466;1,3466;1,3466;
13-11-2019;1,3423;1,3423;1,3423;1,3423;1,3423;
12-11-2019;1,3215;1,3215;1,3215;1,3215;1,3215;
11-11-2019;1,3254;1,3254;1,3254;1,3254;1,3254;
08-11-2019;1,3176;1,3176;1,3176;1,3176;1,3176;
07-11-2019;1,3154;1,3154;1,3154;1,3154;1,3154;
06-11-2019;1,3183;1,3183;1,3183;1,3183;1,3183;
05-11-2019;1,3156;1,3156;1,3156;1,3156;1,3156;
04-11-2019;1,3062;1,3062;1,3062;1,3062;1,3062;
01-11-2019;1,3057;1,3057;1,3057;1,3057;1,3057;
31-10-2019;1,3020;1,3020;1,3020;1,3020;1,3020;
30-10-2019;1,3004;1,3004;1,3004;1,3004;1,3004;
29-10-2019;1,3016;1,3016;1,3016;1,3016;1,3016;
28-10-2019;1,2884;1,2884;1,2884;1,2884;1,2884;
25-10-2019;1,2915;1,2915;1,2915;1,2915;1,2915;
24-10-2019;1,2776;1,2776;1,2776;1,2776;1,2776;
23-10-2019;1,2750;1,2750;1,2750;1,2750;1,2750;
22-10-2019;1,2856;1,2856;1,2856;1,2856;1,2856;
21-10-2019;1,2766;1,2766;1,2766;1,2766;1,2766;
18-10-2019;1,2948;1,2948;1,2948;1,2948;1,2948;
17-10-2019;1,2945;1,2945;1,2945;1,2945;1,2945;
16-10-2019;1,3019;1,3019;1,3019;1,3019;1,3019;
15-10-2019;1,2898;1,2898;1,2898;1,2898;1,2898;
14-10-2019;1,2950;1,2950;1,2950;1,2950;1,2950;
11-10-2019;1,2896;1,2896;1,2896;1,2896;1,2896;
10-10-2019;1,2909;1,2909;1,2909;1,2909;1,2909;
09-10-2019;1,2783;1,2783;1,2783;1,2783;1,2783;
08-10-2019;1,2968;1,2968;1,2968;1,2968;1,2968;
07-10-2019;1,3014;1,3014;1,3014;1,3014;1,3014;
04-10-2019;1,2914;1,2914;1,2914;1,2914;1,2914;
03-10-2019;1,2835;1,2835;1,2835;1,2835;1,2835;
02-10-2019;1,3076;1,3076;1,3076;1,3076;1,3076;
01-10-2019;1,3178;1,3178;1,3178;1,3178;1,3178;
30-09-2019;1,3100;1,3100;1,3100;1,3100;1,3100;
27-09-2019;1,3204;1,3204;1,3204;1,3204;1,3204;
26-09-2019;1,3186;1,3186;1,3186;1,3186;1,3186;
25-09-2019;1,3053;1,3053;1,3053;1,3053;1,3053;
24-09-2019;1,3225;1,3225;1,3225;1,3225;1,3225;
23-09-2019;1,3219;1,3219;1,3219;1,3219;1,3219;
20-09-2019;1,3253;1,3253;1,3253;1,3253;1,3253;
19-09-2019;1,3172;1,3172;1,3172;1,3172;1,3172;
18-09-2019;1,3177;1,3177;1,3177;1,3177;1,3177;
17-09-2019;1,3223;1,3223;1,3223;1,3223;1,3223;
13-09-2019;1,3266;1,3266;1,3266;1,3266;1,3266;
12-09-2019;1,3323;1,3323;1,3323;1,3323;1,3323;
11-09-2019;1,3207;1,3207;1,3207;1,3207;1,3207;
10-09-2019;1,3316;1,3316;1,3316;1,3316;1,3316;
09-09-2019;1,3360;1,3360;1,3360;1,3360;1,3360;
06-09-2019;1,3489;1,3489;1,3489;1,3489;1,3489;
05-09-2019;1,3333;1,3333;1,3333;1,3333;1,3333;
04-09-2019;1,3343;1,3343;1,3343;1,3343;1,3343;
03-09-2019;1,3552;1,3552;1,3552;1,3552;1,3552;
02-09-2019;1,3474;1,3474;1,3474;1,3474;1,3474;
30-08-2019;1,3560;1,3560;1,3560;1,3560;1,3560;
29-08-2019;1,3363;1,3363;1,3363;1,3363;1,3363;
28-08-2019;1,3286;1,3286;1,3286;1,3286;1,3286;
27-08-2019;1,3207;1,3207;1,3207;1,3207;1,3207;
26-08-2019;1,3054;1,3054;1,3054;1,3054;1,3054;
23-08-2019;1,3340;1,3340;1,3340;1,3340;1,3340;
22-08-2019;1,3332;1,3332;1,3332;1,3332;1,3332;
21-08-2019;1,3295;1,3295;1,3295;1,3295;1,3295;
20-08-2019;1,3452;1,3452;1,3452;1,3452;1,3452;
19-08-2019;1,3169;1,3169;1,3169;1,3169;1,3169;
16-08-2019;1,2942;1,2942;1,2942;1,2942;1,2942;
15-08-2019;1,2962;1,2962;1,2962;1,2962;1,2962;
14-08-2019;1,3101;1,3101;1,3101;1,3101;1,3101;
13-08-2019;1,3014;1,3014;1,3014;1,3014;1,3014;
12-08-2019;1,3067;1,3067;1,3067;1,3067;1,3067;
09-08-2019;1,3212;1,3212;1,3212;1,3212;1,3212;
08-08-2019;1,3065;1,3065;1,3065;1,3065;1,3065;
07-08-2019;1,2963;1,2963;1,2963;1,2963;1,2963;
06-08-2019;1,2845;1,2845;1,2845;1,2845;1,2845;
05-08-2019;1,3057;1,3057;1,3057;1,3057;1,3057;
02-08-2019;1,3144;1,3144;1,3144;1,3144;1,3144;
01-08-2019;1,3171;1,3171;1,3171;1,3171;1,3171;
31-07-2019;1,3293;1,3293;1,3293;1,3293;1,3293;
30-07-2019;1,3350;1,3350;1,3350;1,3350;1,3350;
29-07-2019;1,3412;1,3412;1,3412;1,3412;1,3412;
26-07-2019;1,3226;1,3226;1,3226;1,3226;1,3226;
25-07-2019;1,3366;1,3366;1,3366;1,3366;1,3366;
24-07-2019;1,3359;1,3359;1,3359;1,3359;1,3359;
23-07-2019;1,3207;1,3207;1,3207;1,3207;1,3207;
22-07-2019;1,3105;1,3105;1,3105;1,3105;1,3105;
19-07-2019;1,3178;1,3178;1,3178;1,3178;1,3178;
18-07-2019;1,3217;1,3217;1,3217;1,3217;1,3217;
17-07-2019;1,3281;1,3281;1,3281;1,3281;1,3281;
16-07-2019;1,3238;1,3238;1,3238;1,3238;1,3238;
15-07-2019;1,3222;1,3222;1,3222;1,3222;1,3222;
12-07-2019;1,3245;1,3245;1,3245;1,3245;1,3245;
11-07-2019;1,3313;1,3313;1,3313;1,3313;1,3313;
10-07-2019;1,3233;1,3233;1,3233;1,3233;1,3233;
09-07-2019;1,3042;1,3042;1,3042;1,3042;1,3042;
08-07-2019;1,3188;1,3188;1,3188;1,3188;1,3188;
05-07-2019;1,3242;1,3242;1,3242;1,3242;1,3242;
04-07-2019;1,3252;1,3252;1,3252;1,3252;1,3252;
03-07-2019;1,3179;1,3179;1,3179;1,3179;1,3179;
02-07-2019;1,3169;1,3169;1,3169;1,3169;1,3169;
01-07-2019;1,3073;1,3073;1,3073;1,3073;1,3073;
28-06-2019;1,3009;1,3009;1,3009;1,3009;1,3009;
27-06-2019;1,2943;1,2943;1,2943;1,2943;1,2943;
26-06-2019;1,3009;1,3009;1,3009;1,3009;1,3009;
25-06-2019;1,3136;1,3136;1,3136;1,3136;1,3136;
24-06-2019;1,3098;1,3098;1,3098;1,3098;1,3098;
21-06-2019;1,3014;1,3014;1,3014;1,3014;1,3014;
20-06-2019;1,2873;1,2873;1,2873;1,2873;1,2873;
19-06-2019;1,2878;1,2878;1,2878;1,2878;1,2878;
18-06-2019;1,2774;1,2774;1,2774;1,2774;1,2774;
17-06-2019;1,2683;1,2683;1,2683;1,2683;1,2683;
14-06-2019;1,2733;1,2733;1,2733;1,2733;1,2733;
13-06-2019;1,2757;1,2757;1,2757;1,2757;1,2757;
12-06-2019;1,2753;1,2753;1,2753;1,2753;1,2753;
11-06-2019;1,2765;1,2765;1,2765;1,2765;1,2765;
10-06-2019;1,2899;1,2899;1,2899;1,2899;1,2899;
07-06-2019;1,2742;1,2742;1,2742;1,2742;1,2742;
06-06-2019;1,2608;1,2608;1,2608;1,2608;1,2608;
05-06-2019;1,2543;1,2543;1,2543;1,2543;1,2543;
04-06-2019;1,2527;1,2527;1,2527;1,2527;1,2527;
03-06-2019;1,2510;1,2510;1,2510;1,2510;1,2510;
31-05-2019;1,2317;1,2317;1,2317;1,2317;1,2317;
30-05-2019;1,2315;1,2315;1,2315;1,2315;1,2315;
29-05-2019;1,2427;1,2427;1,2427;1,2427;1,2427;
28-05-2019;1,2405;1,2405;1,2405;1,2405;1,2405;
27-05-2019;1,2406;1,2406;1,2406;1,2406;1,2406;
24-05-2019;1,2455;1,2455;1,2455;1,2455;1,2455;
23-05-2019;1,2543;1,2543;1,2543;1,2543;1,2543;
22-05-2019;1,2611;1,2611;1,2611;1,2611;1,2611;
21-05-2019;1,2545;1,2545;1,2545;1,2545;1,2545;
20-05-2019;1,2747;1,2747;1,2747;1,2747;1,2747;
17-05-2019;1,2832;1,2832;1,2832;1,2832;1,2832;
16-05-2019;1,2674;1,2674;1,2674;1,2674;1,2674;
15-05-2019;1,2625;1,2625;1,2625;1,2625;1,2625;
14-05-2019;1,2522;1,2522;1,2522;1,2522;1,2522;
13-05-2019;1,2782;1,2782;1,2782;1,2782;1,2782;
10-05-2019;1,2832;1,2832;1,2832;1,2832;1,2832;
09-05-2019;1,2821;1,2821;1,2821;1,2821;1,2821;
08-05-2019;1,2788;1,2788;1,2788;1,2788;1,2788;
07-05-2019;1,2970;1,2970;1,2970;1,2970;1,2970;
06-05-2019;1,3032;1,3032;1,3032;1,3032;1,3032;
03-05-2019;1,2959;1,2959;1,2959;1,2959;1,2959;
02-05-2019;1,2970;1,2970;1,2970;1,2970;1,2970;
30-04-2019;1,3045;1,3045;1,3045;1,3045;1,3045;
29-04-2019;1,2974;1,2974;1,2974;1,2974;1,2974;
26-04-2019;1,2954;1,2954;1,2954;1,2954;1,2954;
25-04-2019;1,2930;1,2930;1,2930;1,2930;1,2930;
24-04-2019;1,2875;1,2875;1,2875;1,2875;1,2875;
23-04-2019;1,2652;1,2652;1,2652;1,2652;1,2652;
22-04-2019;1,2603;1,2603;1,2603;1,2603;1,2603;
17-04-2019;1,2653;1,2653;1,2653;1,2653;1,2653;
16-04-2019;1,2575;1,2575;1,2575;1,2575;1,2575;
15-04-2019;1,2494;1,2494;1,2494;1,2494;1,2494;
12-04-2019;1,2507;1,2507;1,2507;1,2507;1,2507;
11-04-2019;1,2536;1,2536;1,2536;1,2536;1,2536;
10-04-2019;1,2537;1,2537;1,2537;1,2537;1,2537;
09-04-2019;1,2563;1,2563;1,2563;1,2563;1,2563;
08-04-2019;1,2611;1,2611;1,2611;1,2611;1,2611;
05-04-2019;1,2610;1,2610;1,2610;1,2610;1,2610;
04-04-2019;1,2648;1,2648;1,2648;1,2648;1,2648;
03-04-2019;1,2667;1,2667;1,2667;1,2667;1,2667;
02-04-2019;1,2609;1,2609;1,2609;1,2609;1,2609;
01-04-2019;1,2641;1,2641;1,2641;1,2641;1,2641;
29-03-2019;1,2514;1,2514;1,2514;1,2514;1,2514;
28-03-2019;1,2432;1,2432;1,2432;1,2432;1,2432;
27-03-2019;1,2362;1,2362;1,2362;1,2362;1,2362;
26-03-2019;1,2225;1,2225;1,2225;1,2225;1,2225;
25-03-2019;1,2248;1,2248;1,2248;1,2248;1,2248;
22-03-2019;1,2327;1,2327;1,2327;1,2327;1,2327;
21-03-2019;1,2193;1,2193;1,2193;1,2193;1,2193;
20-03-2019;1,2316;1,2316;1,2316;1,2316;1,2316;
19-03-2019;1,2408;1,2408;1,2408;1,2408;1,2408;
15-03-2019;1,2401;1,2401;1,2401;1,2401;1,2401;
14-03-2019;1,2393;1,2393;1,2393;1,2393;1,2393;
13-03-2019;1,2336;1,2336;1,2336;1,2336;1,2336;
12-03-2019;1,2347;1,2347;1,2347;1,2347;1,2347;
11-03-2019;1,2214;1,2214;1,2214;1,2214;1,2214;
08-03-2019;1,2322;1,2322;1,2322;1,2322;1,2322;
07-03-2019;1,2307;1,2307;1,2307;1,2307;1,2307;
06-03-2019;1,2317;1,2317;1,2317;1,2317;1,2317;
05-03-2019;1,2356;1,2356;1,2356;1,2356;1,2356;
04-03-2019;1,2328;1,2328;1,2328;1,2328;1,2328;
01-03-2019;1,2232;1,2232;1,2232;1,2232;1,2232;
28-02-2019;1,2148;1,2148;1,2148;1,2148;1,2148;
27-02-2019;1,2127;1,2127;1,2127;1,2127;1,2127;
26-02-2019;1,2105;1,2105;1,2105;1,2105;1,2105;
25-02-2019;1,2059;1,2059;1,2059;1,2059;1,2059;
22-02-2019;1,2065;1,2065;1,2065;1,2065;1,2065;
21-02-2019;1,2025;1,2025;1,2025;1,2025;1,2025;
20-02-2019;1,1979;1,1979;1,1979;1,1979;1,1979;
19-02-2019;1,2001;1,2001;1,2001;1,2001;1,2001;
18-02-2019;1,2017;1,2017;1,2017;1,2017;1,2017;
15-02-2019;1,1977;1,1977;1,1977;1,1977;1,1977;
14-02-2019;1,2103;1,2103;1,2103;1,2103;1,2103;
13-02-2019;1,2013;1,2013;1,2013;1,2013;1,2013;
12-02-2019;1,1872;1,1872;1,1872;1,1872;1,1872;
11-02-2019;1,1708;1,1708;1,1708;1,1708;1,1708;
08-02-2019;1,1721;1,1721;1,1721;1,1721;1,1721;
07-02-2019;1,1825;1,1825;1,1825;1,1825;1,1825;
06-02-2019;1,1845;1,1845;1,1845;1,1845;1,1845;
05-02-2019;1,1725;1,1725;1,1725;1,1725;1,1725;
01-02-2019;1,1694;1,1694;1,1694;1,1694;1,1694;
31-01-2019;1,1516;1,1516;1,1516;1,1516;1,1516;
30-01-2019;1,1261;1,1261;1,1261;1,1261;1,1261;
29-01-2019;1,1333;1,1333;1,1333;1,1333;1,1333;
28-01-2019;1,1442;1,1442;1,1442;1,1442;1,1442;
25-01-2019;1,1316;1,1316;1,1316;1,1316;1,1316;
24-01-2019;1,1307;1,1307;1,1307;1,1307;1,1307;
23-01-2019;1,1388;1,1388;1,1388;1,1388;1,1388;
22-01-2019;1,1547;1,1547;1,1547;1,1547;1,1547;
21-01-2019;1,1518;1,1518;1,1518;1,1518;1,1518;
18-01-2019;1,1281;1,1281;1,1281;1,1281;1,1281;
17-01-2019;1,1171;1,1171;1,1171;1,1171;1,1171;
16-01-2019;1,1218;1,1218;1,1218;1,1218;1,1218;
15-01-2019;1,1102;1,1102;1,1102;1,1102;1,1102;
14-01-2019;1,1276;1,1276;1,1276;1,1276;1,1276;
11-01-2019;1,1290;1,1290;1,1290;1,1290;1,1290;
10-01-2019;1,1305;1,1305;1,1305;1,1305;1,1305;
09-01-2019;1,1317;1,1317;1,1317;1,1317;1,1317;
08-01-2019;1,1182;1,1182;1,1182;1,1182;1,1182;
07-01-2019;1,1128;1,1128;1,1128;1,1128;1,1128;
04-01-2019;1,0818;1,0818;1,0818;1,0818;1,0818;
03-01-2019;1,1051;1,1051;1,1051;1,1051;1,1051;
02-01-2019;1,1071;1,1071;1,1071;1,1071;1,1071;
31-12-2018;1,1025;1,1025;1,1025;1,1025;1,1025;
28-12-2018;1,1020;1,1020;1,1020;1,1020;1,1020;
27-12-2018;1,1093;1,1093;1,1093;1,1093;1,1093;
26-12-2018;1,0554;1,0554;1,0554;1,0554;1,0554;
24-12-2018;1,0795;1,0795;1,0795;1,0795;1,0795;
21-12-2018;1,1075;1,1075;1,1075;1,1075;1,1075;
20-12-2018;1,1324;1,1324;1,1324;1,1324;1,1324;
19-12-2018;1,1535;1,1535;1,1535;1,1535;1,1535;
18-12-2018;1,1517;1,1517;1,1517;1,1517;1,1517;
17-12-2018;1,1865;1,1865;1,1865;1,1865;1,1865;
14-12-2018;1,2099;1,2099;1,2099;1,2099;1,2099;
13-12-2018;1,1933;1,1933;1,1933;1,1933;1,1933;
11-12-2018;1,1997;1,1997;1,1997;1,1997;1,1997;
10-12-2018;1,1890;1,1890;1,1890;1,1890;1,1890;
07-12-2018;1,2226;1,2226;1,2226;1,2226;1,2226;
06-12-2018;1,2316;1,2316;1,2316;1,2316;1,2316;
05-12-2018;1,2309;1,2309;1,2309;1,2309;1,2309;
04-12-2018;1,2618;1,2618;1,2618;1,2618;1,2618;
03-12-2018;1,2473;1,2473;1,2473;1,2473;1,2473;
30-11-2018;1,2250;1,2250;1,2250;1,2250;1,2250;
29-11-2018;1,2288;1,2288;1,2288;1,2288;1,2288;
28-11-2018;1,2153;1,2153;1,2153;1,2153;1,2153;
27-11-2018;1,2226;1,2226;1,2226;1,2226;1,2226;
26-11-2018;1,1876;1,1876;1,1876;1,1876;1,1876;
23-11-2018;1,1854;1,1854;1,1854;1,1854;1,1854;
22-11-2018;1,1817;1,1817;1,1817;1,1817;1,1817;
21-11-2018;1,1775;1,1775;1,1775;1,1775;1,1775;
20-11-2018;1,2023;1,2023;1,2023;1,2023;1,2023;
16-11-2018;1,2115;1,2115;1,2115;1,2115;1,2115;
15-11-2018;1,1986;1,1986;1,1986;1,1986;1,1986;
14-11-2018;1,2119;1,2119;1,2119;1,2119;1,2119;
13-11-2018;1,1999;1,1999;1,1999;1,1999;1,1999;
12-11-2018;1,2176;1,2176;1,2176;1,2176;1,2176;
09-11-2018;1,2302;1,2302;1,2302;1,2302;1,2302;
08-11-2018;1,2164;1,2164;1,2164;1,2164;1,2164;
07-11-2018;1,1814;1,1814;1,1814;1,1814;1,1814;
06-11-2018;1,1812;1,1812;1,1812;1,1812;1,1812;
05-11-2018;1,1964;1,1964;1,1964;1,1964;1,1964;
01-11-2018;1,1909;1,1909;1,1909;1,1909;1,1909;
31-10-2018;1,1514;1,1514;1,1514;1,1514;1,1514;
30-10-2018;1,1345;1,1345;1,1345;1,1345;1,1345;
29-10-2018;1,1214;1,1214;1,1214;1,1214;1,1214;
26-10-2018;1,1497;1,1497;1,1497;1,1497;1,1497;
25-10-2018;1,1299;1,1299;1,1299;1,1299;1,1299;
24-10-2018;1,1515;1,1515;1,1515;1,1515;1,1515;
23-10-2018;1,1662;1,1662;1,1662;1,1662;1,1662;
22-10-2018;1,1570;1,1570;1,1570;1,1570;1,1570;
19-10-2018;1,1434;1,1434;1,1434;1,1434;1,1434;
18-10-2018;1,1478;1,1478;1,1478;1,1478;1,1478;
17-10-2018;1,1436;1,1436;1,1436;1,1436;1,1436;
16-10-2018;1,1170;1,1170;1,1170;1,1170;1,1170;
15-10-2018;1,1304;1,1304;1,1304;1,1304;1,1304;
12-10-2018;1,1163;1,1163;1,1163;1,1163;1,1163;
11-10-2018;1,1354;1,1354;1,1354;1,1354;1,1354;
10-10-2018;1,1430;1,1430;1,1430;1,1430;1,1430;
09-10-2018;1,1729;1,1729;1,1729;1,1729;1,1729;
08-10-2018;1,1789;1,1789;1,1789;1,1789;1,1789;
05-10-2018;1,2005;1,2005;1,2005;1,2005;1,2005;
04-10-2018;1,2107;1,2107;1,2107;1,2107;1,2107;
03-10-2018;1,1995;1,1995;1,1995;1,1995;1,1995;
02-10-2018;1,1985;1,1985;1,1985;1,1985;1,1985;
01-10-2018;1,2012;1,2012;1,2012;1,2012;1,2012;
28-09-2018;1,2097;1,2097;1,2097;1,2097;1,2097;
27-09-2018;1,2076;1,2076;1,2076;1,2076;1,2076;
26-09-2018;1,2181;1,2181;1,2181;1,2181;1,2181;
25-09-2018;1,2121;1,2121;1,2121;1,2121;1,2121;
24-09-2018;1,2098;1,2098;1,2098;1,2098;1,2098;
21-09-2018;1,2096;1,2096;1,2096;1,2096;1,2096;
20-09-2018;1,2096;1,2096;1,2096;1,2096;1,2096;
19-09-2018;1,2096;1,2096;1,2096;1,2096;1,2096;
18-09-2018;1,2098;1,2098;1,2098;1,2098;1,2098;
17-09-2018; ; ; ; ; ;
14-09-2018; ; ; ; ; ;
13-09-2018; ; ; ; ; ;
12-09-2018; ; ; ; ; ;
11-09-2018; ; ; ; ; ;
10-09-2018;1,2405;1,2405;1,2405;1,2405;1,2405;
